Date,Planets
2000-01-18,"[899, 199]"
2000-01-19,"[899, 199]"
2000-01-20,"[899, 199]"
2000-01-21,"[899, 199]"
2000-01-22,"[899, 199]"
2000-01-23,"[899, 199]"
2000-01-25,"[799, 199]"
2000-01-26,"[799, 199]"
2000-01-27,"[799, 199]"
2000-01-28,"[799, 199]"
2000-01-29,"[799, 199]"
2000-01-30,"[799, 199]"
2000-01-31,"[799, 199]"
2000-02-18,"[299, 899]"
2000-02-19,"[299, 899]"
2000-02-20,"[299, 899]"
2000-02-21,"[299, 899]"
2000-02-22,"[299, 899]"
2000-02-23,"[299, 899]"
2000-02-24,"[299, 899]"
2000-02-25,"[299, 899]"
2000-02-26,"[299, 899]"
2000-02-28,"[299, 799]"
2000-02-29,"[299, 799]"
2000-03-01,"[299, 799]"
2000-03-02,"[299, 799]"
2000-03-03,"[299, 799]"
2000-03-04,"[299, 799]"
2000-03-05,"[299, 799]"
2000-03-06,"[299, 799]"
2000-03-07,"[299, 799]"
2000-03-08,"[299, 799]"
2000-03-11,"[299, 199]"
2000-03-12,"[299, 199]"
2000-03-13,"[299, 199]"
2000-03-14,"[299, 199]"
2000-03-15,"[299, 199]"
2000-03-16,"[299, 199]"
2000-03-17,"[299, 199]"
2000-03-18,"[299, 199]"
2000-03-19,"[299, 199]"
2000-03-20,"[299, 199]"
2000-03-21,"[299, 199]"
2000-03-22,"[299, 199]"
2000-03-27,"[499, 599]"
2000-03-28,"[499, 599]"
2000-03-29,"[499, 599]"
2000-03-30,"[499, 599]"
2000-03-31,"[499, 599]"
2000-04-01,"[499, 599]"
2000-04-02,"[499, 599]"
2000-04-03,"[499, 599]"
2000-04-04,"[499, 599]"
2000-04-05,"[499, 599]"
2000-04-06,"[499, 599]"
2000-04-07,"[499, 599]"
2000-04-08,"[499, 699, 599]"
2000-04-09,"[499, 699, 599]"
2000-04-10,"[499, 699, 599]"
2000-04-11,"[499, 699, 599]"
2000-04-12,"[499, 699, 599]"
2000-04-13,"[499, 699, 599]"
2000-04-14,"[499, 699, 599]"
2000-04-15,"[199, 299, 499, 599, 699]"
2000-04-16,"[199, 299, 499, 599, 699]"
2000-04-17,"[199, 299, 499, 599, 699]"
2000-04-18,"[199, 299, 499, 599, 699]"
2000-04-19,"[199, 299, 499, 599, 699]"
2000-04-20,"[199, 299, 499, 599, 699]"
2000-04-21,"[199, 299, 499, 599, 699]"
2000-04-22,"[199, 299, 499, 599, 699]"
2000-04-23,"[199, 299, 499, 599, 699]"
2000-04-24,"[199, 299, 499, 599, 699]"
2000-04-25,"[199, 299, 499, 599, 699]"
2000-04-26,"[299, 699, 599, 199]"
2000-04-27,"[299, 699, 599, 199]"
2000-04-28,"[299, 699, 599, 199]"
2000-04-29,"[299, 699, 599, 199]"
2000-04-30,"[299, 699, 599, 199]"
2000-05-01,"[299, 699, 599, 199]"
2000-05-02,"[299, 699, 599, 199]"
2000-05-03,"[299, 699, 599, 199]"
2000-05-04,"[299, 699, 599, 199]"
2000-05-05,"[299, 699, 599, 199]"
2000-05-06,"[299, 699, 599, 199]"
2000-05-07,"[699, 599, 199]"
2000-05-08,"[699, 599, 199]"
2000-05-09,"[699, 599, 199]"
2000-05-10,"[699, 599, 199]"
2000-05-11,"[699, 599, 199]"
2000-05-12,"[299, 699, 599, 199]"
2000-05-13,"[299, 699, 599]"
2000-05-14,"[299, 699, 599]"
2000-05-15,"[199, 299, 499, 599, 699]"
2000-05-16,"[199, 299, 499, 599, 699]"
2000-05-17,"[199, 299, 499, 599, 699]"
2000-05-18,"[199, 299, 499, 599, 699]"
2000-05-19,"[199, 299, 499, 599, 699]"
2000-05-20,"[199, 299, 499, 599, 699]"
2000-05-21,"[199, 299, 499, 599, 699]"
2000-05-22,"[199, 299, 499, 599, 699]"
2000-05-23,"[199, 299, 499, 599, 699]"
2000-05-24,"[699, 599]"
2000-05-25,"[699, 599]"
2000-05-26,"[699, 599]"
2000-05-27,"[699, 599]"
2000-05-28,"[699, 599]"
2000-05-29,"[699, 599]"
2000-05-30,"[699, 599]"
2000-05-31,"[699, 599]"
2000-06-01,"[699, 599]"
2000-06-02,"[699, 599]"
2000-06-03,"[699, 599]"
2000-06-04,"[699, 599]"
2000-06-05,"[699, 599]"
2000-06-06,"[699, 599]"
2000-06-07,"[699, 599]"
2000-06-08,"[699, 599]"
2000-06-09,"[699, 599]"
2000-06-10,"[699, 599]"
2000-06-11,"[699, 599]"
2000-06-12,"[299, 699, 599, 499]"
2000-06-13,"[299, 699, 599, 499]"
2000-06-14,"[299, 699, 599, 499]"
2000-06-15,"[299, 699, 599, 499]"
2000-06-16,"[299, 699, 599, 499]"
2000-06-17,"[299, 699, 599, 499]"
2000-06-18,"[299, 699, 599, 499]"
2000-06-19,"[299, 699, 599, 499]"
2000-06-20,"[299, 699, 599, 499]"
2000-06-21,"[299, 699, 599, 499]"
2000-06-22,"[299, 699, 599, 499]"
2000-06-23,"[299, 699, 599, 499]"
2000-06-24,"[299, 699, 599, 499]"
2000-06-25,"[299, 699, 599, 499]"
2000-06-26,"[299, 699, 599, 499]"
2000-06-27,"[299, 699, 599, 499]"
2000-06-28,"[299, 699, 599, 499]"
2000-06-29,"[199, 299, 499, 599, 699]"
2000-06-30,"[199, 299, 499, 599, 699]"
2000-07-01,"[199, 299, 499, 599, 699]"
2000-07-02,"[299, 699, 599, 199]"
2000-07-03,"[299, 699, 599, 199]"
2000-07-04,"[299, 699, 599, 199]"
2000-07-05,"[699, 599]"
2000-07-06,"[699, 599]"
2000-07-07,"[699, 599]"
2000-07-08,"[699, 599]"
2000-07-09,"[699, 599]"
2000-07-10,"[699, 599]"
2000-07-11,"[699, 599]"
2000-07-12,"[699, 599]"
2000-07-13,"[699, 599]"
2000-07-14,"[699, 599]"
2000-07-15,"[699, 599]"
2000-07-16,"[699, 599]"
2000-07-17,"[699, 599]"
2000-08-06,"[499, 199]"
2000-08-07,"[499, 199]"
2000-08-08,"[499, 199]"
2000-08-09,"[499, 199]"
2000-08-10,"[499, 199]"
2000-08-11,"[499, 199]"
2000-08-12,"[499, 199]"
2000-08-13,"[499, 199]"
2000-08-14,"[499, 199]"
2000-09-19,"[299, 199]"
2000-09-20,"[299, 199]"
2000-09-21,"[299, 199]"
2000-09-22,"[299, 199]"
2000-09-23,"[299, 199]"
2000-09-24,"[299, 199]"
2000-09-25,"[299, 199]"
2000-09-26,"[299, 199]"
2000-09-27,"[299, 199]"
2000-09-28,"[299, 199]"
2000-09-29,"[299, 199]"
2000-09-30,"[299, 199]"
2000-10-01,"[299, 199]"
2000-10-02,"[299, 199]"
2000-10-03,"[299, 199]"
2000-10-04,"[299, 199]"
2000-12-07,"[299, 899]"
2000-12-08,"[299, 899]"
2000-12-09,"[299, 899]"
2000-12-10,"[299, 899]"
2000-12-11,"[299, 899]"
2000-12-12,"[299, 899]"
2000-12-13,"[299, 899]"
2000-12-14,"[299, 899]"
2000-12-15,"[299, 899]"
2000-12-16,"[299, 899]"
2000-12-19,"[299, 799]"
2000-12-20,"[299, 799]"
2000-12-21,"[299, 799]"
2000-12-22,"[299, 799]"
2000-12-23,"[299, 799]"
2000-12-24,"[299, 799]"
2000-12-25,"[299, 799]"
2000-12-26,"[299, 799]"
2000-12-27,"[299, 799]"
2000-12-28,"[299, 799]"
2001-01-10,"[899, 199]"
2001-01-11,"[899, 199]"
2001-01-12,"[899, 199]"
2001-01-13,"[899, 199]"
2001-01-14,"[899, 199]"
2001-01-15,"[899, 199]"
2001-01-16,"[899, 199]"
2001-01-19,"[799, 199]"
2001-01-20,"[799, 199]"
2001-01-21,"[799, 199]"
2001-01-22,"[799, 199]"
2001-01-23,"[799, 199]"
2001-01-24,"[799, 199]"
2001-01-25,"[799, 199]"
2001-01-26,"[799, 199]"
2001-02-13,"[799, 199]"
2001-02-14,"[799, 199]"
2001-02-15,"[799, 199]"
2001-02-16,"[799, 199]"
2001-02-17,"[799, 199]"
2001-02-18,"[799, 199]"
2001-02-19,"[799, 199]"
2001-03-04,"[799, 199]"
2001-03-05,"[799, 199]"
2001-03-06,"[799, 199]"
2001-03-07,"[799, 199]"
2001-03-08,"[799, 199]"
2001-03-09,"[799, 199]"
2001-03-10,"[799, 199]"
2001-03-11,"[799, 199]"
2001-03-12,"[799, 199]"
2001-03-13,"[799, 199]"
2001-03-14,"[799, 199]"
2001-03-15,"[799, 199]"
2001-05-04,"[699, 199]"
2001-05-05,"[699, 199]"
2001-05-06,"[699, 199]"
2001-05-07,"[699, 199]"
2001-05-08,"[699, 199]"
2001-05-09,"[699, 199]"
2001-05-10,"[699, 199]"
2001-05-12,"[599, 199]"
2001-05-13,"[599, 199]"
2001-05-14,"[599, 199]"
2001-05-15,"[599, 199]"
2001-05-16,"[599, 199]"
2001-05-17,"[599, 199]"
2001-05-18,"[599, 199]"
2001-05-19,"[599, 199]"
2001-05-20,"[599, 199]"
2001-05-21,"[599, 199]"
2001-06-12,"[599, 199]"
2001-06-13,"[599, 199]"
2001-06-14,"[599, 199]"
2001-06-15,"[599, 199]"
2001-06-16,"[599, 199]"
2001-06-17,"[599, 199]"
2001-06-18,"[599, 199]"
2001-06-19,"[599, 199]"
2001-06-20,"[599, 199]"
2001-06-21,"[599, 199]"
2001-06-22,"[599, 199]"
2001-06-23,"[599, 199]"
2001-06-24,"[599, 199]"
2001-06-25,"[599, 199]"
2001-06-26,"[599, 199]"
2001-07-05,"[599, 199]"
2001-07-06,"[599, 199]"
2001-07-07,"[599, 199]"
2001-07-08,"[599, 199]"
2001-07-09,"[599, 199]"
2001-07-10,"[299, 699, 599, 199]"
2001-07-11,"[299, 699, 599, 199]"
2001-07-12,"[299, 699, 599, 199]"
2001-07-13,"[299, 699, 599, 199]"
2001-07-14,"[299, 699, 599, 199]"
2001-07-15,"[299, 699, 599, 199]"
2001-07-16,"[299, 699, 599, 199]"
2001-07-17,"[299, 699, 599, 199]"
2001-07-18,"[299, 699]"
2001-07-19,"[299, 699]"
2001-07-20,"[299, 699]"
2001-07-31,"[299, 599]"
2001-08-01,"[299, 599]"
2001-08-02,"[299, 599]"
2001-08-03,"[299, 599]"
2001-08-04,"[299, 599]"
2001-08-05,"[299, 599]"
2001-08-06,"[299, 599]"
2001-08-07,"[299, 599]"
2001-08-08,"[299, 599]"
2001-08-09,"[299, 599]"
2001-08-10,"[299, 599]"
2001-08-11,"[299, 599]"
2001-10-22,"[299, 199]"
2001-10-23,"[299, 199]"
2001-10-24,"[299, 199]"
2001-10-25,"[299, 199]"
2001-10-26,"[299, 199]"
2001-10-27,"[299, 199]"
2001-10-28,"[299, 499, 899, 199]"
2001-10-29,"[299, 499, 899, 199]"
2001-10-30,"[299, 499, 899, 199]"
2001-10-31,"[299, 499, 899, 199]"
2001-11-01,"[299, 499, 899, 199]"
2001-11-02,"[299, 499, 899, 199]"
2001-11-03,"[299, 499, 899, 199]"
2001-11-04,"[299, 499, 899, 199]"
2001-11-05,"[299, 499, 899, 199]"
2001-11-06,"[299, 499, 899, 199]"
2001-11-07,"[299, 499, 899, 199]"
2001-11-08,"[299, 499, 899, 199]"
2001-11-09,"[299, 499, 899, 199]"
2001-11-10,"[299, 499, 899, 199]"
2001-11-11,"[299, 499, 899, 199]"
2001-11-12,"[299, 199]"
2001-11-13,"[299, 199]"
2001-11-14,"[299, 199]"
2001-11-15,"[299, 199]"
2001-11-16,"[299, 199]"
2001-11-17,"[299, 199]"
2001-11-18,"[299, 199]"
2001-11-19,"[299, 499, 799, 199]"
2001-11-20,"[299, 499, 799, 199]"
2001-11-21,"[299, 499, 799, 199]"
2001-11-22,"[299, 499, 799, 199]"
2001-11-23,"[299, 499, 799, 199]"
2001-11-24,"[299, 499, 799, 199]"
2001-11-25,"[499, 799]"
2001-11-26,"[499, 799]"
2001-11-27,"[499, 799]"
2001-11-28,"[499, 799]"
2001-11-29,"[499, 799]"
2001-11-30,"[499, 799]"
2001-12-01,"[499, 799]"
2001-12-02,"[499, 799]"
2001-12-03,"[499, 799]"
2002-01-05,"[899, 199]"
2002-01-06,"[899, 199]"
2002-01-07,"[899, 199]"
2002-01-08,"[899, 199]"
2002-01-09,"[899, 199]"
2002-01-10,"[899, 199]"
2002-01-11,"[899, 199]"
2002-01-12,"[899, 199]"
2002-01-13,"[899, 199]"
2002-01-14,"[899, 199]"
2002-01-21,"[299, 899, 199]"
2002-01-22,"[299, 899, 199]"
2002-01-23,"[299, 899, 199]"
2002-01-24,"[299, 899, 199]"
2002-01-25,"[299, 899, 199]"
2002-01-26,"[299, 899, 199]"
2002-01-27,"[299, 899, 199]"
2002-01-28,"[299, 899, 199]"
2002-01-29,"[299, 899, 199]"
2002-01-30,"[899, 199]"
2002-02-03,"[299, 799]"
2002-02-04,"[299, 799]"
2002-02-05,"[299, 799]"
2002-02-06,"[299, 799]"
2002-02-07,"[299, 799]"
2002-02-08,"[299, 799]"
2002-02-09,"[299, 799]"
2002-02-10,"[299, 799]"
2002-02-11,"[299, 799]"
2002-02-19,"[899, 199]"
2002-02-20,"[899, 199]"
2002-02-21,"[899, 199]"
2002-02-22,"[899, 199]"
2002-02-23,"[899, 199]"
2002-02-24,"[899, 199]"
2002-02-25,"[899, 199]"
2002-02-26,"[899, 199]"
2002-02-27,"[899, 199]"
2002-02-28,"[899, 199]"
2002-03-05,"[799, 199]"
2002-03-06,"[799, 199]"
2002-03-07,"[799, 199]"
2002-03-08,"[799, 199]"
2002-03-09,"[799, 199]"
2002-03-10,"[799, 199]"
2002-03-11,"[799, 199]"
2002-03-12,"[799, 199]"
2002-04-26,"[499, 699]"
2002-04-27,"[499, 699]"
2002-04-28,"[499, 699]"
2002-04-29,"[499, 699]"
2002-04-30,"[499, 699]"
2002-05-01,"[299, 699, 499]"
2002-05-02,"[299, 699, 499]"
2002-05-03,"[299, 699, 499]"
2002-05-04,"[299, 699, 499]"
2002-05-05,"[299, 699, 499]"
2002-05-06,"[299, 699, 499]"
2002-05-07,"[299, 699, 499]"
2002-05-08,"[299, 699, 499]"
2002-05-09,"[299, 699, 499]"
2002-05-10,"[299, 699, 499]"
2002-05-11,"[299, 699, 499]"
2002-05-12,"[299, 699, 499]"
2002-05-13,"[299, 699, 499]"
2002-05-14,"[299, 499]"
2002-05-15,"[299, 499]"
2002-05-16,"[299, 499]"
2002-05-17,"[299, 499]"
2002-05-18,"[299, 499]"
2002-05-19,"[299, 499]"
2002-05-20,"[299, 499]"
2002-05-29,"[299, 599]"
2002-05-30,"[299, 599]"
2002-05-31,"[299, 599]"
2002-06-01,"[299, 599]"
2002-06-02,"[299, 599]"
2002-06-03,"[299, 599]"
2002-06-04,"[299, 599]"
2002-06-05,"[299, 599]"
2002-06-06,"[299, 599]"
2002-06-07,"[299, 599]"
2002-06-08,"[299, 599]"
2002-06-21,"[499, 599]"
2002-06-22,"[499, 599]"
2002-06-23,"[499, 599]"
2002-06-24,"[499, 599]"
2002-06-25,"[499, 599]"
2002-06-26,"[499, 599]"
2002-06-27,"[499, 599]"
2002-06-28,"[699, 499, 599, 199]"
2002-06-29,"[699, 499, 599, 199]"
2002-06-30,"[699, 499, 599, 199]"
2002-07-01,"[699, 499, 599, 199]"
2002-07-02,"[699, 499, 599, 199]"
2002-07-03,"[699, 499, 599, 199]"
2002-07-04,"[699, 499, 599, 199]"
2002-07-05,"[699, 499, 599, 199]"
2002-07-06,"[499, 599]"
2002-07-07,"[499, 599]"
2002-07-08,"[499, 599]"
2002-07-09,"[499, 599]"
2002-07-10,"[499, 599]"
2002-07-11,"[499, 599]"
2002-07-12,"[499, 599]"
2002-07-13,"[499, 599]"
2002-07-14,"[499, 599]"
2002-07-18,"[599, 199]"
2002-07-19,"[599, 199]"
2002-07-20,"[599, 199]"
2002-07-21,"[499, 599, 199]"
2002-07-22,"[499, 599, 199]"
2002-07-23,"[499, 599, 199]"
2002-07-24,"[499, 199]"
2002-07-25,"[499, 199]"
2002-07-26,"[499, 199]"
2002-07-27,"[499, 199]"
2002-07-28,"[499, 199]"
2002-07-29,"[499, 199]"
2002-10-04,"[499, 199]"
2002-10-05,"[499, 199]"
2002-10-06,"[499, 199]"
2002-10-07,"[499, 199]"
2002-10-08,"[499, 199]"
2002-10-09,"[499, 199]"
2002-10-10,"[499, 199]"
2002-10-11,"[499, 199]"
2002-10-12,"[499, 199]"
2002-10-13,"[499, 199]"
2002-10-14,"[499, 199]"
2002-10-15,"[499, 199]"
2002-10-16,"[499, 199]"
2002-10-17,"[499, 199]"
2002-11-04,"[299, 199]"
2002-11-05,"[299, 199]"
2002-11-22,"[299, 499]"
2002-11-23,"[299, 499]"
2002-11-24,"[299, 499]"
2002-11-25,"[299, 499]"
2002-11-26,"[299, 499]"
2002-11-27,"[299, 499]"
2002-11-28,"[299, 499]"
2002-11-29,"[299, 499]"
2002-11-30,"[299, 499]"
2002-12-01,"[299, 499]"
2002-12-02,"[299, 499]"
2002-12-03,"[299, 499]"
2002-12-04,"[299, 499]"
2002-12-05,"[299, 499]"
2002-12-06,"[299, 499]"
2002-12-07,"[299, 499]"
2002-12-08,"[299, 499]"
2002-12-09,"[299, 499]"
2002-12-10,"[299, 499]"
2002-12-11,"[299, 499]"
2002-12-12,"[299, 499]"
2002-12-13,"[299, 499]"
2002-12-14,"[299, 499]"
2002-12-15,"[299, 499]"
2002-12-16,"[299, 499]"
2002-12-17,"[299, 499]"
2002-12-18,"[299, 499]"
2002-12-19,"[299, 499]"
2002-12-20,"[299, 499]"
2002-12-21,"[299, 499]"
2002-12-22,"[299, 499]"
2002-12-23,"[299, 499]"
2002-12-24,"[299, 499]"
2002-12-25,"[299, 499]"
2002-12-26,"[299, 499]"
2002-12-27,"[299, 499]"
2002-12-28,"[299, 499]"
2002-12-29,"[299, 499]"
2002-12-30,"[299, 499]"
2002-12-31,"[299, 499]"
2003-01-01,"[299, 499]"
2003-01-02,"[299, 499]"
2003-01-03,"[299, 499]"
2003-02-17,"[899, 199]"
2003-02-18,"[899, 199]"
2003-02-19,"[899, 199]"
2003-02-20,"[899, 199]"
2003-02-21,"[899, 199]"
2003-02-22,"[899, 199]"
2003-02-23,"[899, 199]"
2003-02-24,"[899, 199]"
2003-03-01,"[799, 199]"
2003-03-02,"[799, 199]"
2003-03-03,"[799, 199]"
2003-03-04,"[799, 199]"
2003-03-05,"[799, 199]"
2003-03-06,"[799, 199]"
2003-03-07,"[799, 199]"
2003-03-08,"[299, 899]"
2003-03-09,"[299, 899]"
2003-03-10,"[299, 899]"
2003-03-11,"[299, 899]"
2003-03-12,"[299, 899]"
2003-03-13,"[299, 899]"
2003-03-14,"[299, 899]"
2003-03-15,"[299, 899]"
2003-03-16,"[299, 899]"
2003-03-17,"[299, 899]"
2003-03-24,"[299, 799]"
2003-03-25,"[299, 799]"
2003-03-26,"[299, 799]"
2003-03-27,"[299, 799]"
2003-03-28,"[299, 799]"
2003-03-29,"[299, 799]"
2003-03-30,"[299, 799]"
2003-03-31,"[299, 799]"
2003-04-01,"[299, 799]"
2003-04-02,"[299, 799]"
2003-05-05,"[499, 899]"
2003-05-06,"[499, 899]"
2003-05-07,"[499, 899]"
2003-05-08,"[499, 899]"
2003-05-09,"[499, 899]"
2003-05-10,"[499, 899]"
2003-05-11,"[499, 899]"
2003-05-12,"[499, 899]"
2003-05-13,"[499, 899]"
2003-05-14,"[499, 899]"
2003-05-15,"[499, 899]"
2003-05-16,"[499, 899]"
2003-05-17,"[499, 899]"
2003-05-18,"[499, 899]"
2003-05-19,"[499, 899]"
2003-05-20,"[499, 899]"
2003-05-21,"[299, 499, 899, 199]"
2003-05-22,"[299, 499, 899, 199]"
2003-05-23,"[299, 199]"
2003-05-24,"[299, 199]"
2003-05-25,"[299, 199]"
2003-05-26,"[299, 199]"
2003-05-27,"[299, 199]"
2003-05-28,"[299, 199]"
2003-05-29,"[299, 199]"
2003-05-30,"[299, 199]"
2003-05-31,"[299, 199]"
2003-06-01,"[299, 199]"
2003-06-02,"[299, 199]"
2003-06-03,"[299, 199]"
2003-06-04,"[299, 199]"
2003-06-05,"[299, 199]"
2003-06-06,"[299, 199]"
2003-06-07,"[299, 199]"
2003-06-08,"[299, 199]"
2003-06-09,"[299, 499, 799, 199]"
2003-06-10,"[299, 499, 799, 199]"
2003-06-11,"[299, 499, 799, 199]"
2003-06-12,"[299, 499, 799, 199]"
2003-06-13,"[299, 499, 799, 199]"
2003-06-14,"[299, 499, 799, 199]"
2003-06-15,"[299, 499, 799, 199]"
2003-06-16,"[299, 499, 799, 199]"
2003-06-17,"[299, 499, 799, 199]"
2003-06-18,"[299, 499, 799, 199]"
2003-06-19,"[299, 499, 799, 199]"
2003-06-20,"[299, 499, 799, 199]"
2003-06-21,"[299, 499, 799, 199]"
2003-06-22,"[299, 499, 799, 199]"
2003-06-23,"[299, 499, 799, 199]"
2003-06-24,"[299, 499, 799, 199]"
2003-06-25,"[299, 499, 799, 199]"
2003-06-26,"[299, 499, 799, 199]"
2003-06-27,"[299, 499, 799, 199]"
2003-06-28,"[199, 299, 499, 699, 799]"
2003-06-29,"[699, 499, 799, 199]"
2003-06-30,"[699, 499, 799, 199]"
2003-07-01,"[699, 499, 799, 199]"
2003-07-02,"[699, 499, 799, 199]"
2003-07-03,"[699, 499, 799, 199]"
2003-07-04,"[299, 799, 699, 499]"
2003-07-05,"[299, 699]"
2003-07-06,"[299, 699]"
2003-07-07,"[299, 699]"
2003-07-08,"[299, 699]"
2003-07-09,"[299, 699]"
2003-07-10,"[299, 699]"
2003-07-11,"[299, 699]"
2003-07-12,"[299, 699]"
2003-07-22,"[599, 199]"
2003-07-23,"[599, 199]"
2003-07-24,"[599, 199]"
2003-07-25,"[599, 199]"
2003-07-26,"[599, 199]"
2003-07-27,"[599, 199]"
2003-07-28,"[599, 199]"
2003-07-29,"[599, 199]"
2003-07-30,"[599, 199]"
2003-08-16,"[299, 599]"
2003-08-17,"[299, 599]"
2003-08-18,"[299, 599]"
2003-08-19,"[299, 599]"
2003-08-20,"[299, 599]"
2003-08-21,"[299, 599]"
2003-08-22,"[299, 599]"
2003-08-23,"[299, 599]"
2003-08-24,"[299, 599]"
2003-08-25,"[299, 599]"
2003-08-26,"[299, 599]"
2003-09-03,"[499, 799]"
2003-09-04,"[499, 799]"
2003-09-05,"[499, 799]"
2003-09-06,"[499, 799]"
2003-09-07,"[499, 799]"
2003-09-08,"[299, 499, 799, 199]"
2003-09-09,"[299, 499, 799, 199]"
2003-09-10,"[499, 799]"
2003-09-11,"[499, 799]"
2003-09-12,"[499, 799]"
2003-09-13,"[499, 799]"
2003-09-14,"[499, 799]"
2003-09-15,"[499, 799]"
2003-09-16,"[499, 799]"
2003-09-17,"[499, 799]"
2003-09-18,"[499, 799]"
2003-09-19,"[499, 799]"
2003-09-20,"[499, 799]"
2003-09-21,"[499, 799]"
2003-09-22,"[499, 799]"
2003-09-23,"[499, 799]"
2003-09-24,"[499, 799]"
2003-09-25,"[499, 799]"
2003-09-26,"[499, 799]"
2003-09-27,"[499, 799]"
2003-09-28,"[499, 799]"
2003-09-29,"[499, 799]"
2003-09-30,"[499, 799]"
2003-10-01,"[499, 799]"
2003-10-02,"[499, 799]"
2003-10-03,"[499, 799]"
2003-10-04,"[499, 799]"
2003-10-05,"[499, 799]"
2003-10-06,"[499, 799]"
2003-10-07,"[499, 799]"
2003-10-08,"[499, 799]"
2003-10-09,"[499, 799]"
2003-10-10,"[499, 799]"
2003-10-11,"[499, 799]"
2003-10-12,"[499, 799]"
2003-10-13,"[499, 799]"
2003-10-14,"[499, 799]"
2003-10-15,"[499, 799]"
2003-10-16,"[499, 799]"
2003-10-17,"[499, 799]"
2003-10-18,"[499, 799]"
2003-10-19,"[499, 799]"
2003-12-26,"[299, 899]"
2003-12-27,"[299, 899]"
2003-12-28,"[299, 899]"
2003-12-29,"[299, 899]"
2003-12-30,"[299, 899]"
2003-12-31,"[299, 899]"
2004-01-01,"[299, 899]"
2004-01-02,"[299, 899]"
2004-01-03,"[299, 899]"
2004-01-10,"[299, 799]"
2004-01-11,"[299, 799]"
2004-01-12,"[299, 799]"
2004-01-13,"[299, 799]"
2004-01-14,"[299, 799]"
2004-01-15,"[299, 799]"
2004-01-16,"[299, 799]"
2004-01-17,"[299, 799]"
2004-01-18,"[299, 799]"
2004-01-19,"[299, 799]"
2004-02-12,"[899, 199]"
2004-02-13,"[899, 199]"
2004-02-14,"[899, 199]"
2004-02-15,"[899, 199]"
2004-02-16,"[899, 199]"
2004-02-17,"[899, 199]"
2004-02-18,"[899, 199]"
2004-02-23,"[799, 199]"
2004-02-24,"[799, 199]"
2004-02-25,"[799, 199]"
2004-02-26,"[799, 199]"
2004-02-27,"[799, 199]"
2004-02-28,"[799, 199]"
2004-02-29,"[799, 199]"
2004-03-01,"[799, 199]"
2004-04-21,"[299, 499]"
2004-04-22,"[299, 499]"
2004-04-23,"[299, 499]"
2004-04-24,"[299, 499]"
2004-04-25,"[299, 499]"
2004-04-26,"[299, 499]"
2004-04-27,"[299, 499]"
2004-04-28,"[299, 499]"
2004-04-29,"[299, 499]"
2004-04-30,"[299, 499]"
2004-05-01,"[299, 499]"
2004-05-16,"[499, 699]"
2004-05-17,"[499, 699]"
2004-05-18,"[499, 699]"
2004-05-19,"[499, 699]"
2004-05-20,"[499, 699]"
2004-05-21,"[499, 699]"
2004-05-22,"[499, 699]"
2004-05-23,"[499, 699]"
2004-05-24,"[499, 699]"
2004-05-25,"[499, 699]"
2004-05-26,"[499, 699]"
2004-05-27,"[499, 699]"
2004-05-28,"[499, 699]"
2004-05-29,"[499, 699]"
2004-05-30,"[499, 699]"
2004-05-31,"[499, 699]"
2004-06-01,"[499, 699]"
2004-06-02,"[499, 699]"
2004-06-03,"[499, 699]"
2004-06-11,"[299, 199]"
2004-06-12,"[299, 199]"
2004-06-13,"[299, 199]"
2004-06-14,"[299, 199]"
2004-06-24,"[699, 199]"
2004-06-25,"[699, 199]"
2004-06-26,"[699, 199]"
2004-06-27,"[699, 199]"
2004-06-28,"[699, 199]"
2004-06-29,"[699, 199]"
2004-07-05,"[499, 199]"
2004-07-06,"[499, 199]"
2004-07-07,"[499, 199]"
2004-07-08,"[499, 199]"
2004-07-09,"[499, 199]"
2004-07-10,"[499, 199]"
2004-07-11,"[499, 199]"
2004-07-12,"[499, 199]"
2004-07-13,"[499, 199]"
2004-07-14,"[499, 199]"
2004-07-15,"[499, 199]"
2004-07-16,"[499, 199]"
2004-07-17,"[499, 199]"
2004-07-18,"[499, 199]"
2004-08-19,"[499, 199]"
2004-08-20,"[499, 199]"
2004-08-26,"[299, 699]"
2004-08-27,"[299, 699]"
2004-08-28,"[299, 699]"
2004-08-29,"[299, 699]"
2004-08-30,"[299, 699]"
2004-08-31,"[299, 699]"
2004-09-01,"[299, 699]"
2004-09-02,"[299, 699]"
2004-09-03,"[299, 699]"
2004-09-04,"[299, 699]"
2004-09-05,"[299, 699]"
2004-09-06,"[299, 699]"
2004-09-13,"[499, 599]"
2004-09-14,"[499, 599]"
2004-09-15,"[499, 599]"
2004-09-16,"[499, 599]"
2004-09-17,"[499, 599]"
2004-09-18,"[499, 599]"
2004-09-19,"[499, 599]"
2004-09-20,"[499, 599]"
2004-09-21,"[499, 599]"
2004-09-22,"[499, 599]"
2004-09-23,"[499, 599]"
2004-09-24,"[499, 599, 199]"
2004-09-25,"[499, 599, 199]"
2004-09-26,"[499, 599, 199]"
2004-09-27,"[499, 599, 199]"
2004-09-28,"[499, 599, 199]"
2004-09-29,"[499, 599, 199]"
2004-09-30,"[499, 599, 199]"
2004-10-01,"[499, 599, 199]"
2004-10-02,"[499, 599, 199]"
2004-10-03,"[499, 599, 199]"
2004-10-04,"[499, 599, 199]"
2004-10-05,"[499, 599]"
2004-10-06,"[499, 599]"
2004-10-07,"[499, 599]"
2004-10-08,"[499, 599]"
2004-10-09,"[499, 599]"
2004-10-10,"[499, 599]"
2004-10-30,"[299, 599]"
2004-10-31,"[299, 599]"
2004-11-01,"[299, 599]"
2004-11-02,"[299, 599]"
2004-11-03,"[299, 599]"
2004-11-04,"[299, 599]"
2004-11-05,"[299, 599]"
2004-11-06,"[299, 599]"
2004-11-07,"[299, 599]"
2004-11-08,"[299, 599]"
2004-11-09,"[299, 599]"
2004-11-10,"[299, 599]"
2004-11-24,"[299, 499]"
2004-11-25,"[299, 499]"
2004-11-26,"[299, 499]"
2004-11-27,"[299, 499]"
2004-11-28,"[299, 499]"
2004-11-29,"[299, 499]"
2004-11-30,"[299, 499]"
2004-12-01,"[299, 499]"
2004-12-02,"[299, 499]"
2004-12-03,"[299, 499]"
2004-12-04,"[299, 499]"
2004-12-05,"[299, 499]"
2004-12-06,"[299, 499]"
2004-12-07,"[299, 499]"
2004-12-08,"[299, 499]"
2004-12-09,"[299, 499]"
2004-12-10,"[299, 499]"
2004-12-11,"[299, 499]"
2004-12-12,"[299, 499]"
2004-12-13,"[299, 499]"
2004-12-14,"[299, 499]"
2004-12-15,"[299, 499]"
2004-12-21,"[299, 199]"
2004-12-22,"[299, 199]"
2004-12-23,"[299, 199]"
2004-12-24,"[299, 199]"
2004-12-25,"[299, 199]"
2004-12-26,"[299, 199]"
2004-12-27,"[299, 199]"
2004-12-28,"[299, 199]"
2004-12-29,"[299, 199]"
2004-12-30,"[299, 199]"
2004-12-31,"[299, 199]"
2005-01-01,"[299, 199]"
2005-01-02,"[299, 199]"
2005-01-03,"[299, 199]"
2005-01-04,"[299, 199]"
2005-01-05,"[299, 199]"
2005-01-06,"[299, 199]"
2005-01-07,"[299, 199]"
2005-01-08,"[299, 199]"
2005-01-09,"[299, 199]"
2005-01-10,"[299, 199]"
2005-01-11,"[299, 199]"
2005-01-12,"[299, 199]"
2005-01-13,"[299, 199]"
2005-01-14,"[299, 199]"
2005-01-15,"[299, 199]"
2005-01-16,"[299, 199]"
2005-01-17,"[299, 199]"
2005-01-18,"[299, 199]"
2005-01-19,"[299, 199]"
2005-01-20,"[299, 199]"
2005-01-21,"[299, 199]"
2005-01-22,"[299, 199]"
2005-01-23,"[299, 199]"
2005-01-24,"[299, 199]"
2005-01-25,"[299, 199]"
2005-01-26,"[299, 199]"
2005-01-27,"[299, 199]"
2005-01-28,"[299, 199]"
2005-01-29,"[299, 199]"
2005-01-30,"[299, 199]"
2005-01-31,"[299, 199]"
2005-02-01,"[299, 199]"
2005-02-02,"[299, 199]"
2005-02-03,"[299, 199]"
2005-02-05,"[899, 199]"
2005-02-06,"[899, 199]"
2005-02-07,"[899, 199]"
2005-02-08,"[899, 199]"
2005-02-09,"[899, 199]"
2005-02-10,"[299, 899, 199]"
2005-02-11,"[299, 899, 199]"
2005-02-12,"[299, 899]"
2005-02-13,"[299, 899]"
2005-02-14,"[299, 899]"
2005-02-15,"[299, 899]"
2005-02-16,"[299, 899]"
2005-02-17,"[299, 799, 899, 199]"
2005-02-18,"[299, 799, 899, 199]"
2005-02-19,"[799, 199]"
2005-02-20,"[799, 199]"
2005-02-21,"[799, 199]"
2005-02-22,"[799, 199]"
2005-02-23,"[799, 199]"
2005-02-27,"[299, 799]"
2005-02-28,"[299, 799]"
2005-03-01,"[299, 799]"
2005-03-02,"[299, 799]"
2005-03-03,"[299, 799]"
2005-03-04,"[299, 799]"
2005-03-05,"[299, 799]"
2005-03-06,"[299, 799]"
2005-03-07,"[299, 799]"
2005-03-08,"[299, 799]"
2005-03-28,"[299, 199]"
2005-03-29,"[299, 199]"
2005-03-30,"[299, 199]"
2005-03-31,"[299, 199]"
2005-04-06,"[499, 899]"
2005-04-07,"[499, 899]"
2005-04-08,"[499, 899]"
2005-04-09,"[499, 899]"
2005-04-10,"[499, 899]"
2005-04-11,"[499, 899]"
2005-04-12,"[499, 899]"
2005-04-13,"[499, 899]"
2005-04-14,"[499, 899]"
2005-04-15,"[499, 899]"
2005-04-16,"[499, 899]"
2005-04-17,"[499, 899]"
2005-04-18,"[499, 899]"
2005-04-19,"[499, 899]"
2005-04-20,"[499, 899]"
2005-05-07,"[499, 799]"
2005-05-08,"[499, 799]"
2005-05-09,"[499, 799]"
2005-05-10,"[499, 799]"
2005-05-11,"[499, 799]"
2005-05-12,"[499, 799]"
2005-05-13,"[499, 799]"
2005-05-14,"[499, 799]"
2005-05-15,"[499, 799]"
2005-05-16,"[499, 799]"
2005-05-17,"[499, 799]"
2005-05-18,"[499, 799]"
2005-05-19,"[499, 799]"
2005-05-20,"[499, 799]"
2005-05-21,"[499, 799]"
2005-05-22,"[499, 799]"
2005-06-15,"[299, 199]"
2005-06-16,"[299, 199]"
2005-06-17,"[299, 199]"
2005-06-18,"[299, 199]"
2005-06-19,"[299, 199]"
2005-06-20,"[299, 199]"
2005-06-21,"[299, 699, 199]"
2005-06-22,"[299, 699, 199]"
2005-06-23,"[299, 699, 199]"
2005-06-24,"[299, 699, 199]"
2005-06-25,"[299, 699, 199]"
2005-06-26,"[299, 699, 199]"
2005-06-27,"[299, 699, 199]"
2005-06-28,"[299, 699, 199]"
2005-06-29,"[299, 699, 199]"
2005-06-30,"[299, 699, 199]"
2005-07-01,"[299, 199]"
2005-07-02,"[299, 199]"
2005-07-03,"[299, 199]"
2005-07-04,"[299, 199]"
2005-07-05,"[299, 199]"
2005-07-06,"[299, 199]"
2005-07-07,"[299, 199]"
2005-07-08,"[299, 199]"
2005-07-09,"[299, 199]"
2005-07-10,"[299, 199]"
2005-07-11,"[299, 199]"
2005-07-12,"[299, 199]"
2005-07-13,"[299, 199]"
2005-07-14,"[299, 199]"
2005-07-15,"[299, 199]"
2005-07-16,"[299, 199]"
2005-07-17,"[299, 199]"
2005-08-13,"[699, 199]"
2005-08-14,"[699, 199]"
2005-08-15,"[699, 199]"
2005-08-16,"[699, 199]"
2005-08-17,"[699, 199]"
2005-08-18,"[699, 199]"
2005-08-19,"[699, 199]"
2005-08-20,"[699, 199]"
2005-08-27,"[299, 599]"
2005-08-28,"[299, 599]"
2005-08-29,"[299, 599]"
2005-08-30,"[299, 599]"
2005-08-31,"[299, 599]"
2005-09-01,"[299, 599]"
2005-09-02,"[299, 599]"
2005-09-03,"[299, 599]"
2005-09-04,"[299, 599]"
2005-09-05,"[299, 599]"
2005-09-06,"[299, 599]"
2005-09-07,"[299, 599]"
2005-09-08,"[299, 599]"
2005-10-02,"[599, 199]"
2005-10-03,"[599, 199]"
2005-10-04,"[599, 199]"
2005-10-05,"[599, 199]"
2005-10-06,"[599, 199]"
2005-10-07,"[599, 199]"
2005-10-08,"[599, 199]"
2005-10-09,"[599, 199]"
2005-10-10,"[599, 199]"
2006-01-29,"[899, 199]"
2006-01-30,"[899, 199]"
2006-01-31,"[899, 199]"
2006-02-01,"[899, 199]"
2006-02-02,"[899, 199]"
2006-02-03,"[899, 199]"
2006-02-04,"[899, 199]"
2006-02-11,"[799, 199]"
2006-02-12,"[799, 199]"
2006-02-13,"[799, 199]"
2006-02-14,"[799, 199]"
2006-02-15,"[799, 199]"
2006-02-16,"[799, 199]"
2006-02-17,"[799, 199]"
2006-02-18,"[799, 199]"
2006-03-17,"[799, 199]"
2006-03-18,"[799, 199]"
2006-03-19,"[799, 199]"
2006-03-20,"[799, 199]"
2006-03-21,"[299, 799, 899, 199]"
2006-03-22,"[299, 799, 899, 199]"
2006-03-23,"[299, 799, 899, 199]"
2006-03-24,"[299, 799, 899, 199]"
2006-03-25,"[299, 799, 899, 199]"
2006-03-26,"[299, 799, 899, 199]"
2006-03-27,"[299, 799, 899, 199]"
2006-03-28,"[299, 799, 899, 199]"
2006-03-29,"[299, 799, 899, 199]"
2006-03-30,"[299, 799, 899, 199]"
2006-03-31,"[299, 799, 899, 199]"
2006-04-01,"[799, 199]"
2006-04-02,"[799, 199]"
2006-04-03,"[799, 199]"
2006-04-04,"[799, 199]"
2006-04-05,"[799, 199]"
2006-04-13,"[299, 799]"
2006-04-14,"[299, 799]"
2006-04-15,"[299, 799]"
2006-04-16,"[299, 799]"
2006-04-17,"[299, 799]"
2006-04-18,"[299, 799]"
2006-04-19,"[299, 799]"
2006-04-20,"[299, 799]"
2006-04-21,"[299, 799]"
2006-04-22,"[299, 799]"
2006-04-23,"[299, 799]"
2006-06-08,"[499, 699]"
2006-06-09,"[499, 699]"
2006-06-10,"[499, 699]"
2006-06-11,"[499, 699]"
2006-06-12,"[499, 699]"
2006-06-13,"[499, 699]"
2006-06-14,"[499, 699]"
2006-06-15,"[499, 699]"
2006-06-16,"[499, 699]"
2006-06-17,"[499, 699]"
2006-06-18,"[499, 699]"
2006-06-19,"[499, 699]"
2006-06-20,"[499, 699]"
2006-06-21,"[499, 699]"
2006-06-22,"[499, 699]"
2006-06-23,"[499, 699]"
2006-06-24,"[499, 699]"
2006-06-25,"[499, 699]"
2006-06-26,"[499, 699]"
2006-06-27,"[499, 699]"
2006-06-28,"[499, 699]"
2006-08-01,"[299, 199]"
2006-08-02,"[299, 199]"
2006-08-03,"[299, 199]"
2006-08-04,"[299, 199]"
2006-08-05,"[299, 199]"
2006-08-06,"[299, 199]"
2006-08-07,"[299, 199]"
2006-08-08,"[299, 199]"
2006-08-09,"[299, 199]"
2006-08-10,"[299, 199]"
2006-08-11,"[299, 199]"
2006-08-12,"[299, 199]"
2006-08-13,"[299, 199]"
2006-08-14,"[299, 199]"
2006-08-15,"[299, 199]"
2006-08-16,"[299, 199]"
2006-08-17,"[299, 199]"
2006-08-18,"[299, 699, 199]"
2006-08-19,"[299, 699, 199]"
2006-08-20,"[299, 699, 199]"
2006-08-21,"[699, 199]"
2006-08-22,"[299, 699, 199]"
2006-08-23,"[299, 699, 199]"
2006-08-24,"[299, 699]"
2006-08-25,"[299, 699]"
2006-08-26,"[299, 699]"
2006-08-27,"[299, 699]"
2006-08-28,"[299, 699]"
2006-08-29,"[299, 699]"
2006-08-30,"[299, 699]"
2006-08-31,"[299, 699]"
2006-09-10,"[499, 199]"
2006-09-11,"[499, 199]"
2006-09-12,"[499, 199]"
2006-09-13,"[499, 199]"
2006-09-14,"[499, 199]"
2006-09-15,"[499, 199]"
2006-09-16,"[499, 199]"
2006-09-17,"[499, 199]"
2006-09-18,"[499, 199]"
2006-09-19,"[499, 199]"
2006-09-20,"[499, 199]"
2006-09-21,"[499, 199]"
2006-09-22,"[499, 199]"
2006-10-14,"[299, 499]"
2006-10-15,"[299, 499]"
2006-10-16,"[299, 499, 599, 199]"
2006-10-17,"[299, 499, 599, 199]"
2006-10-18,"[299, 499, 599, 199]"
2006-10-19,"[299, 499, 599, 199]"
2006-10-20,"[299, 499, 599, 199]"
2006-10-21,"[299, 499, 599, 199]"
2006-10-22,"[299, 499, 599, 199]"
2006-10-23,"[299, 499, 599, 199]"
2006-10-24,"[299, 499, 599, 199]"
2006-10-25,"[299, 499, 599, 199]"
2006-10-26,"[299, 499, 599, 199]"
2006-10-27,"[299, 499, 599, 199]"
2006-10-28,"[299, 499, 599, 199]"
2006-10-29,"[299, 499, 599, 199]"
2006-10-30,"[299, 499, 599, 199]"
2006-10-31,"[299, 499, 599, 199]"
2006-11-01,"[299, 499, 599, 199]"
2006-11-02,"[299, 499, 599, 199]"
2006-11-03,"[299, 499, 599, 199]"
2006-11-04,"[599, 199]"
2006-11-05,"[299, 199]"
2006-11-06,"[299, 199]"
2006-11-07,"[299, 199]"
2006-11-08,"[299, 199]"
2006-11-09,"[299, 499, 199]"
2006-11-10,"[499, 199]"
2006-11-11,"[299, 499, 599, 199]"
2006-11-12,"[299, 499, 599, 199]"
2006-11-13,"[299, 499, 599, 199]"
2006-11-14,"[299, 499, 599, 199]"
2006-11-15,"[299, 499, 599, 199]"
2006-11-16,"[299, 599]"
2006-11-17,"[299, 599]"
2006-11-18,"[299, 599]"
2006-11-19,"[299, 599]"
2006-11-20,"[299, 599]"
2006-12-01,"[499, 599, 199]"
2006-12-02,"[499, 599, 199]"
2006-12-03,"[499, 599, 199]"
2006-12-04,"[499, 599, 199]"
2006-12-05,"[499, 599, 199]"
2006-12-06,"[499, 599, 199]"
2006-12-07,"[499, 599, 199]"
2006-12-08,"[499, 599, 199]"
2006-12-09,"[499, 599, 199]"
2006-12-10,"[499, 599, 199]"
2006-12-11,"[499, 599, 199]"
2006-12-12,"[499, 599, 199]"
2006-12-13,"[499, 599, 199]"
2006-12-14,"[499, 599, 199]"
2006-12-15,"[499, 599, 199]"
2006-12-16,"[499, 599, 199]"
2006-12-17,"[499, 599]"
2006-12-18,"[499, 599]"
2006-12-19,"[499, 599]"
2006-12-20,"[499, 599]"
2006-12-21,"[499, 599]"
2007-01-14,"[299, 899]"
2007-01-15,"[299, 899]"
2007-01-16,"[299, 899]"
2007-01-17,"[299, 899]"
2007-01-18,"[299, 899]"
2007-01-19,"[299, 899]"
2007-01-20,"[299, 899]"
2007-01-21,"[299, 899]"
2007-01-22,"[299, 899]"
2007-01-23,"[899, 199]"
2007-01-24,"[899, 199]"
2007-01-25,"[899, 199]"
2007-01-26,"[899, 199]"
2007-01-27,"[899, 199]"
2007-01-28,"[899, 199]"
2007-01-29,"[899, 199]"
2007-02-03,"[299, 799]"
2007-02-04,"[299, 799]"
2007-02-05,"[299, 799]"
2007-02-06,"[299, 799]"
2007-02-07,"[299, 799]"
2007-02-08,"[299, 799]"
2007-02-09,"[299, 799]"
2007-02-10,"[299, 799, 199]"
2007-02-11,"[299, 799, 199]"
2007-02-12,"[299, 799, 199]"
2007-02-13,"[799, 199]"
2007-02-14,"[799, 199]"
2007-02-15,"[799, 199]"
2007-02-16,"[799, 199]"
2007-03-03,"[899, 199]"
2007-03-04,"[899, 199]"
2007-03-05,"[899, 199]"
2007-03-06,"[899, 199]"
2007-03-07,"[899, 199]"
2007-03-08,"[899, 199]"
2007-03-09,"[899, 199]"
2007-03-10,"[899, 199]"
2007-03-11,"[899, 199]"
2007-03-12,"[899, 199]"
2007-03-18,"[499, 899]"
2007-03-19,"[499, 899]"
2007-03-20,"[499, 899]"
2007-03-21,"[499, 899]"
2007-03-22,"[499, 899]"
2007-03-23,"[499, 899]"
2007-03-24,"[499, 899]"
2007-03-25,"[499, 899]"
2007-03-26,"[499, 899]"
2007-03-27,"[499, 899]"
2007-03-28,"[499, 799, 899, 199]"
2007-03-29,"[499, 799, 899, 199]"
2007-03-30,"[499, 799, 899, 199]"
2007-03-31,"[499, 799, 899, 199]"
2007-04-01,"[499, 799, 899, 199]"
2007-04-02,"[799, 199]"
2007-04-03,"[799, 199]"
2007-04-04,"[799, 199]"
2007-04-05,"[799, 199]"
2007-04-21,"[499, 799]"
2007-04-22,"[499, 799]"
2007-04-23,"[499, 799]"
2007-04-24,"[499, 799]"
2007-04-25,"[499, 799]"
2007-04-26,"[499, 799]"
2007-04-27,"[499, 799]"
2007-04-28,"[499, 799]"
2007-04-29,"[499, 799]"
2007-04-30,"[499, 799]"
2007-05-01,"[499, 799]"
2007-05-02,"[499, 799]"
2007-05-03,"[499, 799]"
2007-05-04,"[499, 799]"
2007-05-05,"[499, 799]"
2007-05-06,"[499, 799]"
2007-06-23,"[299, 699]"
2007-06-24,"[299, 699]"
2007-06-25,"[299, 699]"
2007-06-26,"[299, 699]"
2007-06-27,"[299, 699]"
2007-06-28,"[299, 699]"
2007-06-29,"[299, 699]"
2007-06-30,"[299, 699]"
2007-07-01,"[299, 699]"
2007-07-02,"[299, 699]"
2007-07-03,"[299, 699]"
2007-07-04,"[299, 699]"
2007-07-05,"[299, 699]"
2007-07-06,"[299, 699]"
2007-07-07,"[299, 699]"
2007-07-08,"[299, 699]"
2007-07-09,"[299, 699]"
2007-07-10,"[299, 699]"
2007-07-11,"[299, 699]"
2007-07-12,"[299, 699]"
2007-07-13,"[299, 699]"
2007-07-14,"[299, 699]"
2007-07-15,"[299, 699]"
2007-08-15,"[699, 199]"
2007-08-16,"[699, 199]"
2007-08-17,"[699, 199]"
2007-08-18,"[699, 199]"
2007-08-19,"[699, 199]"
2007-08-20,"[699, 199]"
2007-08-21,"[699, 199]"
2007-10-08,"[299, 699]"
2007-10-09,"[299, 699]"
2007-10-10,"[299, 699]"
2007-10-11,"[299, 699]"
2007-10-12,"[299, 699]"
2007-10-13,"[299, 699]"
2007-10-14,"[299, 699]"
2007-10-15,"[299, 699]"
2007-10-16,"[299, 699]"
2007-10-17,"[299, 699]"
2007-10-18,"[299, 699]"
2007-10-19,"[299, 699]"
2007-10-20,"[299, 699]"
2007-10-21,"[299, 699]"
2007-12-17,"[599, 199]"
2007-12-18,"[599, 199]"
2007-12-19,"[599, 199]"
2007-12-20,"[599, 199]"
2007-12-21,"[599, 199]"
2007-12-22,"[599, 199]"
2007-12-23,"[599, 199]"
2007-12-24,"[599, 199]"
2008-01-18,"[899, 199]"
2008-01-19,"[899, 199]"
2008-01-20,"[899, 199]"
2008-01-21,"[899, 199]"
2008-01-22,"[899, 199]"
2008-01-23,"[899, 199]"
2008-01-24,"[899, 199]"
2008-01-25,"[899, 199]"
2008-01-26,"[899, 199]"
2008-01-27,"[299, 899, 599, 199]"
2008-01-28,"[299, 899, 599, 199]"
2008-01-29,"[299, 899, 599, 199]"
2008-01-30,"[299, 899, 599, 199]"
2008-01-31,"[299, 899, 599, 199]"
2008-02-01,"[299, 899, 599, 199]"
2008-02-02,"[299, 899, 599, 199]"
2008-02-03,"[299, 899, 599, 199]"
2008-02-04,"[299, 899, 599, 199]"
2008-02-05,"[299, 899, 599, 199]"
2008-02-06,"[299, 899, 599, 199]"
2008-02-19,"[299, 199]"
2008-02-20,"[299, 199]"
2008-02-21,"[299, 199]"
2008-02-22,"[299, 199]"
2008-02-23,"[299, 199]"
2008-02-24,"[299, 199]"
2008-02-25,"[299, 199]"
2008-02-26,"[299, 199]"
2008-02-27,"[299, 199]"
2008-02-28,"[299, 199]"
2008-02-29,"[299, 199]"
2008-03-01,"[299, 199]"
2008-03-02,"[299, 899, 199]"
2008-03-03,"[299, 899, 199]"
2008-03-04,"[299, 899, 199]"
2008-03-05,"[299, 899, 199]"
2008-03-06,"[299, 899, 199]"
2008-03-07,"[299, 899, 199]"
2008-03-08,"[299, 899, 199]"
2008-03-09,"[299, 899, 199]"
2008-03-10,"[299, 899, 199]"
2008-03-11,"[299, 899, 199]"
2008-03-12,"[299, 899, 199]"
2008-03-13,"[299, 899, 199]"
2008-03-14,"[299, 199]"
2008-03-15,"[299, 199]"
2008-03-16,"[299, 199]"
2008-03-17,"[299, 199]"
2008-03-18,"[299, 199]"
2008-03-19,"[299, 199]"
2008-03-20,"[299, 199]"
2008-03-21,"[299, 199]"
2008-03-22,"[299, 199]"
2008-03-23,"[299, 199]"
2008-03-24,"[299, 799, 199]"
2008-03-25,"[299, 799, 199]"
2008-03-26,"[299, 799, 199]"
2008-03-27,"[299, 799, 199]"
2008-03-28,"[299, 799, 199]"
2008-03-29,"[299, 799, 199]"
2008-03-30,"[299, 799, 199]"
2008-03-31,"[299, 799, 199]"
2008-04-01,"[299, 799, 199]"
2008-04-02,"[299, 799, 199]"
2008-04-05,"[299, 199]"
2008-04-06,"[299, 199]"
2008-06-05,"[299, 199]"
2008-06-06,"[299, 199]"
2008-06-07,"[299, 199]"
2008-06-08,"[299, 199]"
2008-06-09,"[299, 199]"
2008-06-10,"[299, 199]"
2008-06-30,"[499, 699]"
2008-07-01,"[499, 699]"
2008-07-02,"[499, 699]"
2008-07-03,"[499, 699]"
2008-07-04,"[499, 699]"
2008-07-05,"[499, 699]"
2008-07-06,"[499, 699]"
2008-07-07,"[499, 699]"
2008-07-08,"[499, 699]"
2008-07-09,"[499, 699]"
2008-07-10,"[499, 699]"
2008-07-11,"[499, 699]"
2008-07-12,"[499, 699]"
2008-07-13,"[499, 699]"
2008-07-14,"[499, 699]"
2008-07-15,"[499, 699]"
2008-07-16,"[499, 699]"
2008-07-17,"[499, 699]"
2008-07-18,"[499, 699]"
2008-07-19,"[499, 699]"
2008-07-20,"[499, 699]"
2008-07-21,"[499, 699]"
2008-07-22,"[499, 699]"
2008-08-08,"[299, 699, 199]"
2008-08-09,"[299, 699, 199]"
2008-08-10,"[299, 699, 199]"
2008-08-11,"[299, 699, 199]"
2008-08-12,"[299, 699, 199]"
2008-08-13,"[299, 699, 199]"
2008-08-14,"[299, 699, 199]"
2008-08-15,"[299, 699, 199]"
2008-08-16,"[299, 699, 199]"
2008-08-17,"[299, 699, 199]"
2008-08-18,"[299, 699, 199]"
2008-08-19,"[299, 699, 199]"
2008-08-20,"[299, 199]"
2008-08-21,"[299, 199]"
2008-08-22,"[299, 199]"
2008-08-23,"[299, 199]"
2008-08-24,"[299, 199]"
2008-08-25,"[299, 199]"
2008-08-26,"[299, 199]"
2008-08-27,"[299, 199]"
2008-08-28,"[299, 199]"
2008-08-29,"[299, 199]"
2008-08-30,"[299, 499, 199]"
2008-08-31,"[299, 499, 199]"
2008-09-01,"[299, 499, 199]"
2008-09-02,"[299, 499, 199]"
2008-09-03,"[299, 499, 199]"
2008-09-04,"[299, 499, 199]"
2008-09-05,"[299, 499, 199]"
2008-09-06,"[299, 499, 199]"
2008-09-07,"[299, 499, 199]"
2008-09-08,"[299, 499, 199]"
2008-09-09,"[299, 499, 199]"
2008-09-10,"[299, 499, 199]"
2008-09-11,"[299, 499, 199]"
2008-09-12,"[299, 499, 199]"
2008-09-13,"[299, 499, 199]"
2008-09-14,"[299, 499, 199]"
2008-09-15,"[299, 499, 199]"
2008-09-16,"[299, 499, 199]"
2008-09-17,"[299, 499, 199]"
2008-09-18,"[299, 499, 199]"
2008-09-19,"[299, 499, 199]"
2008-09-20,"[299, 499, 199]"
2008-09-21,"[299, 499, 199]"
2008-09-22,"[299, 499, 199]"
2008-09-23,"[499, 199]"
2008-09-24,"[499, 199]"
2008-09-25,"[499, 199]"
2008-09-26,"[499, 199]"
2008-09-27,"[499, 199]"
2008-11-22,"[499, 199]"
2008-11-23,"[499, 199]"
2008-11-24,"[499, 199]"
2008-11-25,"[499, 199]"
2008-11-26,"[299, 499, 599, 199]"
2008-11-27,"[299, 499, 599, 199]"
2008-11-28,"[299, 499, 599, 199]"
2008-11-29,"[299, 499, 599, 199]"
2008-11-30,"[299, 499, 599, 199]"
2008-12-01,"[299, 499, 599, 199]"
2008-12-02,"[299, 499, 599, 199]"
2008-12-03,"[299, 499, 599, 199]"
2008-12-04,"[299, 499, 599, 199]"
2008-12-05,"[299, 499, 599, 199]"
2008-12-06,"[299, 599]"
2008-12-22,"[299, 899]"
2008-12-23,"[299, 899]"
2008-12-24,"[299, 899]"
2008-12-25,"[299, 899]"
2008-12-26,"[299, 899]"
2008-12-27,"[299, 899, 599, 199]"
2008-12-28,"[299, 899, 599, 199]"
2008-12-29,"[299, 899, 599, 199]"
2008-12-30,"[299, 899, 599, 199]"
2008-12-31,"[299, 899, 599, 199]"
2009-01-01,"[599, 199]"
2009-01-02,"[599, 199]"
2009-01-03,"[599, 199]"
2009-01-04,"[599, 199]"
2009-01-05,"[599, 199]"
2009-01-06,"[599, 199]"
2009-01-13,"[599, 199]"
2009-01-14,"[599, 199]"
2009-01-15,"[599, 199]"
2009-01-16,"[599, 199]"
2009-01-17,"[299, 799, 599, 199]"
2009-01-18,"[299, 799, 599, 199]"
2009-01-19,"[299, 799, 599, 199]"
2009-01-20,"[299, 799, 599, 199]"
2009-01-21,"[299, 799, 599, 199]"
2009-01-22,"[299, 799]"
2009-01-23,"[299, 799]"
2009-01-24,"[299, 799]"
2009-01-25,"[299, 499, 799, 199]"
2009-01-26,"[299, 499, 799, 199]"
2009-01-27,"[299, 499, 799, 199]"
2009-01-28,"[299, 499, 799, 199]"
2009-01-29,"[299, 499, 799, 199]"
2009-01-30,"[299, 499, 799, 199]"
2009-02-08,"[499, 599]"
2009-02-09,"[499, 599]"
2009-02-10,"[499, 599]"
2009-02-11,"[499, 599]"
2009-02-12,"[499, 599]"
2009-02-13,"[499, 599]"
2009-02-14,"[499, 599]"
2009-02-15,"[499, 599]"
2009-02-16,"[499, 599]"
2009-02-17,"[499, 599]"
2009-02-18,"[499, 599]"
2009-02-19,"[499, 599, 199]"
2009-02-20,"[499, 599, 199]"
2009-02-21,"[499, 599, 199]"
2009-02-22,"[499, 599, 199]"
2009-02-23,"[499, 599, 199]"
2009-02-24,"[499, 599, 199]"
2009-02-25,"[499, 599, 199]"
2009-02-26,"[499, 599, 199]"
2009-02-27,"[499, 599, 199]"
2009-02-28,"[499, 599, 199]"
2009-03-01,"[499, 899, 199]"
2009-03-02,"[499, 899, 199]"
2009-03-03,"[499, 899, 199]"
2009-03-04,"[499, 899, 199]"
2009-03-05,"[499, 899, 199]"
2009-03-06,"[499, 899, 199]"
2009-03-07,"[499, 899, 199]"
2009-03-08,"[499, 899, 199]"
2009-03-09,"[499, 899, 199]"
2009-03-10,"[499, 899]"
2009-03-11,"[499, 899]"
2009-03-12,"[499, 899]"
2009-03-13,"[499, 899]"
2009-03-14,"[499, 899]"
2009-03-15,"[499, 899]"
2009-03-18,"[799, 199]"
2009-03-19,"[799, 199]"
2009-03-20,"[799, 199]"
2009-03-21,"[799, 199]"
2009-03-22,"[799, 199]"
2009-03-23,"[799, 199]"
2009-03-24,"[799, 199]"
2009-04-07,"[499, 799]"
2009-04-08,"[499, 799]"
2009-04-09,"[499, 899, 599, 799]"
2009-04-10,"[499, 899, 599, 799]"
2009-04-11,"[499, 899, 599, 799]"
2009-04-12,"[499, 899, 599, 799]"
2009-04-13,"[499, 899, 599, 799]"
2009-04-14,"[499, 899, 599, 799]"
2009-04-15,"[499, 899, 599, 799]"
2009-04-16,"[499, 899, 599, 799]"
2009-04-17,"[499, 899, 599, 799]"
2009-04-18,"[499, 899, 599, 799]"
2009-04-19,"[899, 299, 499, 599, 799]"
2009-04-20,"[899, 299, 499, 599, 799]"
2009-04-21,"[899, 299, 499, 599, 799]"
2009-04-22,"[899, 299, 499, 599, 799]"
2009-04-23,"[899, 599]"
2009-04-24,"[899, 599]"
2009-04-25,"[899, 599]"
2009-04-26,"[899, 599]"
2009-04-27,"[899, 299, 499, 599, 799]"
2009-04-28,"[299, 899, 599, 499]"
2009-04-29,"[299, 899, 599, 499]"
2009-04-30,"[299, 899, 599, 499]"
2009-05-01,"[299, 899, 599, 499]"
2009-05-02,"[299, 899, 599, 499]"
2009-05-03,"[299, 899, 599, 499]"
2009-05-04,"[299, 899, 599, 499]"
2009-05-05,"[899, 599]"
2009-05-06,"[899, 599]"
2009-05-07,"[899, 599]"
2009-05-08,"[899, 599]"
2009-05-09,"[899, 599]"
2009-05-10,"[899, 599]"
2009-05-11,"[899, 599]"
2009-05-12,"[899, 599]"
2009-05-13,"[899, 599]"
2009-05-14,"[899, 599]"
2009-05-15,"[899, 599]"
2009-05-16,"[899, 599]"
2009-05-17,"[899, 599]"
2009-05-18,"[899, 599]"
2009-05-19,"[899, 599]"
2009-05-20,"[899, 599]"
2009-05-21,"[899, 599]"
2009-05-22,"[899, 599]"
2009-05-23,"[299, 899, 599, 499]"
2009-05-24,"[299, 899, 599, 499]"
2009-05-25,"[299, 899, 599, 499]"
2009-05-26,"[299, 899, 599, 499]"
2009-05-27,"[299, 899, 599, 499]"
2009-05-28,"[299, 899, 599, 499]"
2009-05-29,"[299, 899, 599, 499]"
2009-05-30,"[299, 899, 599, 499]"
2009-05-31,"[299, 899, 599, 499]"
2009-06-01,"[299, 899, 599, 499]"
2009-06-02,"[299, 899, 599, 499]"
2009-06-03,"[299, 899, 599, 499]"
2009-06-04,"[299, 899, 599, 499]"
2009-06-05,"[299, 899, 599, 499]"
2009-06-06,"[299, 899, 599, 499]"
2009-06-07,"[299, 899, 599, 499]"
2009-06-08,"[299, 899, 599, 499]"
2009-06-09,"[299, 899, 599, 499]"
2009-06-10,"[299, 899, 599, 499]"
2009-06-11,"[299, 899, 599, 499]"
2009-06-12,"[299, 899, 599, 499]"
2009-06-13,"[299, 899, 599, 499]"
2009-06-14,"[299, 899, 599, 499]"
2009-06-15,"[299, 899, 599, 499]"
2009-06-16,"[299, 899, 599, 499]"
2009-06-17,"[299, 899, 599, 499]"
2009-06-18,"[299, 899, 599, 499]"
2009-06-19,"[299, 899, 599, 499]"
2009-06-20,"[299, 899, 599, 499]"
2009-06-21,"[299, 899, 599, 499]"
2009-06-22,"[299, 899, 599, 499]"
2009-06-23,"[299, 899, 599, 499]"
2009-06-24,"[299, 899, 599, 499]"
2009-06-25,"[299, 899, 599, 499]"
2009-06-26,"[299, 899, 599, 499]"
2009-06-27,"[299, 899, 599, 499]"
2009-06-28,"[299, 899, 599, 499]"
2009-06-29,"[299, 899, 599, 499]"
2009-06-30,"[299, 899, 599, 499]"
2009-07-01,"[299, 899, 599, 499]"
2009-07-02,"[299, 899, 599, 499]"
2009-07-03,"[299, 899, 599, 499]"
2009-07-04,"[299, 899, 599, 499]"
2009-07-05,"[299, 899, 599, 499]"
2009-07-06,"[299, 899, 599, 499]"
2009-07-07,"[899, 599]"
2009-07-08,"[899, 599]"
2009-07-09,"[899, 599]"
2009-07-10,"[899, 599]"
2009-07-11,"[899, 599]"
2009-07-12,"[899, 599]"
2009-07-13,"[899, 599]"
2009-07-14,"[899, 599]"
2009-07-15,"[899, 599]"
2009-07-16,"[899, 599]"
2009-07-17,"[899, 599]"
2009-07-18,"[899, 599]"
2009-07-19,"[899, 599]"
2009-07-20,"[899, 599]"
2009-07-21,"[899, 599]"
2009-07-22,"[899, 599]"
2009-07-23,"[899, 599]"
2009-07-24,"[899, 599]"
2009-07-25,"[899, 599]"
2009-07-26,"[899, 599]"
2009-07-27,"[899, 599]"
2009-07-28,"[899, 599]"
2009-07-29,"[899, 599]"
2009-07-30,"[899, 599]"
2009-07-31,"[899, 599]"
2009-08-01,"[899, 599]"
2009-08-02,"[899, 599]"
2009-08-03,"[899, 599]"
2009-08-04,"[899, 599]"
2009-08-05,"[899, 599]"
2009-08-06,"[899, 599]"
2009-08-07,"[899, 599]"
2009-08-08,"[899, 599]"
2009-08-09,"[899, 599]"
2009-08-10,"[899, 599]"
2009-08-11,"[899, 599]"
2009-08-12,"[899, 599]"
2009-08-13,"[699, 899, 599, 199]"
2009-08-14,"[699, 899, 599, 199]"
2009-08-15,"[699, 899, 599, 199]"
2009-08-16,"[699, 899, 599, 199]"
2009-08-17,"[699, 899, 599, 199]"
2009-08-18,"[699, 899, 599, 199]"
2009-08-19,"[699, 899, 599, 199]"
2009-08-20,"[699, 899, 599, 199]"
2009-08-21,"[699, 899, 599, 199]"
2009-08-22,"[899, 599]"
2009-08-23,"[899, 599]"
2009-08-24,"[899, 599]"
2009-08-25,"[899, 599]"
2009-08-26,"[899, 599]"
2009-08-27,"[899, 599]"
2009-08-28,"[899, 599]"
2009-08-29,"[899, 599]"
2009-08-30,"[899, 599]"
2009-08-31,"[899, 599]"
2009-09-01,"[899, 599]"
2009-09-02,"[899, 599]"
2009-09-03,"[899, 599]"
2009-09-04,"[899, 599]"
2009-09-05,"[899, 599]"
2009-09-06,"[899, 599]"
2009-09-07,"[899, 599]"
2009-09-21,"[699, 199]"
2009-09-22,"[699, 199]"
2009-09-23,"[699, 199]"
2009-09-24,"[699, 199]"
2009-09-25,"[699, 199]"
2009-09-26,"[699, 199]"
2009-09-27,"[699, 199]"
2009-10-01,"[699, 199]"
2009-10-02,"[699, 199]"
2009-10-03,"[699, 199]"
2009-10-04,"[699, 199]"
2009-10-05,"[299, 699, 199]"
2009-10-06,"[299, 699, 199]"
2009-10-07,"[299, 699, 199]"
2009-10-08,"[299, 699, 199]"
2009-10-09,"[299, 699, 199]"
2009-10-10,"[299, 699, 199]"
2009-10-11,"[299, 699, 199]"
2009-10-12,"[299, 699, 199]"
2009-10-13,"[299, 699]"
2009-10-14,"[299, 699]"
2009-10-15,"[299, 699]"
2009-10-16,"[299, 699]"
2009-10-17,"[299, 699]"
2009-10-18,"[299, 699]"
2009-11-09,"[899, 599]"
2009-11-10,"[899, 599]"
2009-11-11,"[899, 599]"
2009-11-12,"[899, 599]"
2009-11-13,"[899, 599]"
2009-11-14,"[899, 599]"
2009-11-15,"[899, 599]"
2009-11-16,"[899, 599]"
2009-11-17,"[899, 599]"
2009-11-18,"[899, 599]"
2009-11-19,"[899, 599]"
2009-11-20,"[899, 599]"
2009-11-21,"[899, 599]"
2009-11-22,"[899, 599]"
2009-11-23,"[899, 599]"
2009-11-24,"[899, 599]"
2009-11-25,"[899, 599]"
2009-11-26,"[899, 599]"
2009-11-27,"[899, 599]"
2009-11-28,"[899, 599]"
2009-11-29,"[899, 599]"
2009-11-30,"[899, 599]"
2009-12-01,"[899, 599]"
2009-12-02,"[899, 599]"
2009-12-03,"[899, 599]"
2009-12-04,"[899, 599]"
2009-12-05,"[899, 599]"
2009-12-06,"[899, 599]"
2009-12-07,"[899, 599]"
2009-12-08,"[899, 599]"
2009-12-09,"[899, 599]"
2009-12-10,"[899, 599]"
2009-12-11,"[899, 599]"
2009-12-12,"[899, 599]"
2009-12-13,"[899, 599]"
2009-12-14,"[899, 599]"
2009-12-15,"[899, 599]"
2009-12-16,"[899, 599]"
2009-12-17,"[899, 599]"
2009-12-18,"[899, 599]"
2009-12-19,"[899, 599]"
2009-12-20,"[899, 599]"
2009-12-21,"[899, 599]"
2009-12-22,"[899, 599]"
2009-12-23,"[899, 599]"
2009-12-24,"[899, 599]"
2009-12-25,"[899, 599]"
2009-12-26,"[899, 599]"
2009-12-27,"[899, 599]"
2009-12-28,"[899, 599]"
2009-12-29,"[899, 599]"
2009-12-30,"[899, 599]"
2009-12-31,"[899, 599]"
2010-01-01,"[899, 599]"
2010-01-02,"[899, 599]"
2010-01-03,"[299, 899, 599, 199]"
2010-01-04,"[299, 899, 599, 199]"
2010-01-05,"[299, 899, 599, 199]"
2010-01-06,"[299, 899, 599, 199]"
2010-01-07,"[299, 899, 599, 199]"
2010-01-08,"[899, 599]"
2010-01-09,"[899, 599]"
2010-01-10,"[899, 599]"
2010-01-11,"[899, 599]"
2010-01-12,"[899, 599]"
2010-01-13,"[899, 599]"
2010-01-14,"[899, 599]"
2010-01-15,"[899, 599]"
2010-01-16,"[899, 599]"
2010-01-17,"[899, 599]"
2010-01-18,"[899, 599]"
2010-02-03,"[299, 899]"
2010-02-04,"[299, 899]"
2010-02-05,"[299, 899]"
2010-02-06,"[299, 899]"
2010-02-07,"[299, 899]"
2010-02-08,"[299, 899]"
2010-02-09,"[299, 899]"
2010-02-10,"[299, 899]"
2010-02-11,"[299, 899, 599]"
2010-02-12,"[299, 899, 599]"
2010-02-13,"[299, 599]"
2010-02-14,"[299, 599]"
2010-02-15,"[299, 599]"
2010-02-16,"[299, 599]"
2010-02-17,"[299, 599]"
2010-02-18,"[299, 599]"
2010-02-19,"[299, 599]"
2010-02-20,"[299, 599]"
2010-02-21,"[299, 599]"
2010-02-22,"[299, 599]"
2010-02-24,"[899, 199]"
2010-02-25,"[899, 199]"
2010-02-26,"[899, 199]"
2010-02-27,"[299, 899, 799, 199]"
2010-02-28,"[299, 899, 799, 199]"
2010-03-01,"[299, 899, 799, 199]"
2010-03-02,"[299, 899, 799, 199]"
2010-03-03,"[299, 799]"
2010-03-04,"[299, 799, 599, 199]"
2010-03-05,"[299, 799, 599, 199]"
2010-03-06,"[299, 799, 599, 199]"
2010-03-07,"[299, 799, 599, 199]"
2010-03-08,"[599, 199]"
2010-03-09,"[599, 199]"
2010-03-10,"[599, 199]"
2010-03-11,"[599, 199]"
2010-03-12,"[799, 199]"
2010-03-13,"[799, 199]"
2010-03-14,"[799, 199]"
2010-03-15,"[799, 199]"
2010-03-16,"[799, 199]"
2010-03-17,"[799, 199]"
2010-03-26,"[299, 199]"
2010-03-27,"[299, 199]"
2010-03-28,"[299, 199]"
2010-03-29,"[299, 199]"
2010-03-30,"[299, 199]"
2010-03-31,"[299, 199]"
2010-04-01,"[299, 199]"
2010-04-02,"[299, 199]"
2010-04-03,"[299, 199]"
2010-04-04,"[299, 199]"
2010-04-05,"[299, 199]"
2010-04-06,"[299, 199]"
2010-04-07,"[299, 199]"
2010-04-08,"[299, 199]"
2010-04-09,"[299, 199]"
2010-04-10,"[299, 199]"
2010-04-11,"[299, 199]"
2010-04-12,"[299, 199]"
2010-04-13,"[299, 199]"
2010-04-28,"[799, 599]"
2010-04-29,"[799, 599]"
2010-04-30,"[799, 599]"
2010-05-01,"[799, 599]"
2010-05-02,"[799, 599]"
2010-05-03,"[799, 599]"
2010-05-04,"[799, 599]"
2010-05-05,"[799, 599]"
2010-05-06,"[799, 599]"
2010-05-07,"[799, 599]"
2010-05-08,"[799, 599]"
2010-05-09,"[799, 599]"
2010-05-10,"[799, 599]"
2010-05-11,"[799, 599]"
2010-05-12,"[799, 599]"
2010-05-13,"[799, 599]"
2010-05-14,"[799, 599]"
2010-05-15,"[799, 599]"
2010-05-16,"[799, 599]"
2010-05-17,"[799, 599]"
2010-05-18,"[799, 599]"
2010-05-19,"[799, 599]"
2010-05-20,"[799, 599]"
2010-05-21,"[799, 599]"
2010-05-22,"[799, 599]"
2010-06-03,"[799, 599]"
2010-06-04,"[799, 599]"
2010-06-05,"[799, 599]"
2010-06-06,"[799, 599]"
2010-06-07,"[799, 599]"
2010-06-08,"[799, 599]"
2010-06-09,"[799, 599]"
2010-06-10,"[799, 599]"
2010-06-11,"[799, 599]"
2010-06-12,"[799, 599]"
2010-06-13,"[799, 599]"
2010-06-14,"[799, 599]"
2010-06-15,"[799, 599]"
2010-06-16,"[799, 599]"
2010-06-17,"[799, 599]"
2010-06-18,"[799, 599]"
2010-06-19,"[799, 599]"
2010-06-20,"[799, 599]"
2010-06-21,"[799, 599]"
2010-06-22,"[799, 599]"
2010-06-23,"[799, 599]"
2010-06-24,"[799, 599]"
2010-06-25,"[799, 599]"
2010-06-26,"[799, 599]"
2010-06-27,"[799, 599]"
2010-06-28,"[799, 599]"
2010-06-29,"[799, 599]"
2010-06-30,"[799, 599]"
2010-07-01,"[799, 599]"
2010-07-02,"[799, 599]"
2010-07-03,"[799, 599]"
2010-07-04,"[799, 599]"
2010-07-05,"[799, 599]"
2010-07-06,"[799, 599]"
2010-07-07,"[799, 599]"
2010-07-08,"[799, 599]"
2010-07-09,"[799, 599]"
2010-07-10,"[799, 599]"
2010-07-11,"[799, 599]"
2010-07-12,"[799, 599]"
2010-07-13,"[799, 599]"
2010-07-14,"[799, 599]"
2010-07-15,"[799, 599]"
2010-07-16,"[799, 599]"
2010-07-17,"[799, 599]"
2010-07-18,"[799, 599]"
2010-07-19,"[799, 599]"
2010-07-20,"[799, 599]"
2010-07-21,"[799, 599]"
2010-07-22,"[499, 799, 699, 599]"
2010-07-23,"[499, 799, 699, 599]"
2010-07-24,"[499, 799, 699, 599]"
2010-07-25,"[499, 799, 699, 599]"
2010-07-26,"[499, 799, 699, 599]"
2010-07-27,"[499, 799, 699, 599]"
2010-07-28,"[499, 799, 699, 599]"
2010-07-29,"[499, 799, 699, 599]"
2010-07-30,"[499, 799, 699, 599]"
2010-07-31,"[499, 799, 699, 599]"
2010-08-01,"[499, 799, 699, 599]"
2010-08-02,"[499, 799, 699, 599]"
2010-08-03,"[299, 499, 599, 699, 799]"
2010-08-04,"[299, 499, 599, 699, 799]"
2010-08-05,"[299, 499, 599, 699, 799]"
2010-08-06,"[299, 499, 599, 699, 799]"
2010-08-07,"[299, 499, 599, 699, 799]"
2010-08-08,"[299, 499, 599, 699, 799]"
2010-08-09,"[299, 499, 599, 699, 799]"
2010-08-10,"[299, 499, 599, 699, 799]"
2010-08-11,"[299, 499, 599, 699, 799]"
2010-08-12,"[299, 499, 599, 699, 799]"
2010-08-13,"[299, 499, 599, 699, 799]"
2010-08-14,"[299, 499, 599, 699, 799]"
2010-08-15,"[299, 799, 599, 499]"
2010-08-16,"[299, 799, 599, 499]"
2010-08-17,"[299, 799, 599, 499]"
2010-08-18,"[299, 799, 599, 499]"
2010-08-19,"[299, 799, 599, 499]"
2010-08-20,"[299, 799, 599, 499]"
2010-08-21,"[299, 499]"
2010-08-22,"[299, 499]"
2010-08-23,"[299, 499]"
2010-08-24,"[299, 499]"
2010-08-25,"[299, 499]"
2010-08-26,"[299, 499]"
2010-08-27,"[299, 499]"
2010-08-28,"[299, 499]"
2010-08-29,"[299, 499]"
2010-08-30,"[299, 499]"
2010-08-31,"[299, 499]"
2010-09-01,"[299, 499]"
2010-09-02,"[299, 499]"
2010-09-03,"[299, 499]"
2010-09-04,"[299, 499]"
2010-09-05,"[299, 499]"
2010-09-06,"[299, 499]"
2010-09-07,"[299, 499]"
2010-09-08,"[299, 499]"
2010-09-09,"[299, 499]"
2010-09-13,"[799, 599]"
2010-09-14,"[799, 599]"
2010-09-15,"[799, 599]"
2010-09-16,"[799, 599]"
2010-09-17,"[799, 599]"
2010-09-18,"[799, 599]"
2010-09-19,"[799, 599]"
2010-09-20,"[799, 599]"
2010-09-21,"[799, 599]"
2010-09-22,"[799, 599]"
2010-09-23,"[799, 599]"
2010-09-24,"[799, 599]"
2010-09-25,"[799, 599]"
2010-09-26,"[799, 599]"
2010-09-27,"[799, 599]"
2010-09-28,"[799, 599]"
2010-09-29,"[799, 599]"
2010-09-30,"[799, 599]"
2010-10-01,"[799, 599]"
2010-10-02,"[799, 599]"
2010-10-03,"[799, 599]"
2010-10-04,"[799, 599]"
2010-10-05,"[699, 799, 599, 199]"
2010-10-06,"[699, 799, 599, 199]"
2010-10-07,"[699, 799, 599, 199]"
2010-10-08,"[699, 799, 599, 199]"
2010-10-09,"[699, 799, 599, 199]"
2010-10-10,"[699, 799, 599, 199]"
2010-10-11,"[699, 799, 599, 199]"
2010-10-12,"[699, 799, 599, 199]"
2010-10-13,"[799, 599]"
2010-10-14,"[799, 599]"
2010-10-15,"[799, 599]"
2010-10-16,"[799, 599]"
2010-10-17,"[799, 599]"
2010-10-18,"[799, 599]"
2010-10-19,"[799, 599]"
2010-10-20,"[799, 599]"
2010-10-21,"[799, 599]"
2010-10-22,"[799, 599]"
2010-10-23,"[799, 599]"
2010-10-24,"[799, 599]"
2010-10-25,"[799, 599]"
2010-10-26,"[299, 799, 599, 199]"
2010-10-27,"[799, 599]"
2010-10-28,"[799, 599]"
2010-10-29,"[799, 599]"
2010-10-30,"[799, 599]"
2010-10-31,"[799, 599]"
2010-11-01,"[799, 599]"
2010-11-02,"[799, 599]"
2010-11-03,"[799, 599]"
2010-11-04,"[799, 599]"
2010-11-05,"[799, 599]"
2010-11-06,"[799, 599]"
2010-11-07,"[799, 599]"
2010-11-08,"[799, 599]"
2010-11-09,"[799, 599]"
2010-11-10,"[799, 599]"
2010-11-11,"[799, 599]"
2010-11-12,"[799, 599]"
2010-11-13,"[499, 799, 599, 199]"
2010-11-14,"[499, 799, 599, 199]"
2010-11-15,"[499, 799, 599, 199]"
2010-11-16,"[499, 799, 599, 199]"
2010-11-17,"[499, 799, 599, 199]"
2010-11-18,"[499, 799, 599, 199]"
2010-11-19,"[499, 799, 599, 199]"
2010-11-20,"[499, 799, 599, 199]"
2010-11-21,"[499, 799, 599, 199]"
2010-11-22,"[499, 799, 599, 199]"
2010-11-23,"[499, 799, 599, 199]"
2010-11-24,"[499, 799, 599, 199]"
2010-11-25,"[499, 799, 599, 199]"
2010-11-26,"[499, 799, 599, 199]"
2010-11-27,"[499, 799, 599, 199]"
2010-11-28,"[499, 799, 599, 199]"
2010-11-29,"[499, 799, 599, 199]"
2010-11-30,"[499, 799, 599, 199]"
2010-12-01,"[499, 799, 599, 199]"
2010-12-02,"[799, 599]"
2010-12-03,"[799, 599]"
2010-12-04,"[799, 599]"
2010-12-05,"[799, 599]"
2010-12-06,"[799, 599]"
2010-12-07,"[799, 599]"
2010-12-08,"[799, 599]"
2010-12-09,"[499, 799, 599, 199]"
2010-12-10,"[499, 799, 599, 199]"
2010-12-11,"[499, 799, 599, 199]"
2010-12-12,"[499, 799, 599, 199]"
2010-12-13,"[499, 799, 599, 199]"
2010-12-14,"[499, 799, 599, 199]"
2010-12-15,"[499, 799, 599, 199]"
2010-12-16,"[499, 799, 599, 199]"
2010-12-17,"[799, 599]"
2010-12-18,"[799, 599]"
2010-12-19,"[799, 599]"
2010-12-20,"[799, 599]"
2010-12-21,"[799, 599]"
2010-12-22,"[799, 599]"
2010-12-23,"[799, 599]"
2010-12-24,"[799, 599]"
2010-12-25,"[799, 599]"
2010-12-26,"[799, 599]"
2010-12-27,"[799, 599]"
2010-12-28,"[799, 599]"
2010-12-29,"[799, 599]"
2010-12-30,"[799, 599]"
2010-12-31,"[799, 599]"
2011-01-01,"[799, 599]"
2011-01-02,"[799, 599]"
2011-01-03,"[799, 599]"
2011-01-04,"[799, 599]"
2011-01-05,"[799, 599]"
2011-01-06,"[799, 599]"
2011-01-07,"[799, 599]"
2011-01-08,"[799, 599]"
2011-01-09,"[799, 599]"
2011-01-10,"[799, 599]"
2011-01-11,"[799, 599]"
2011-01-12,"[799, 599]"
2011-01-13,"[799, 599]"
2011-01-14,"[799, 599]"
2011-01-15,"[799, 599]"
2011-01-16,"[799, 599]"
2011-01-17,"[799, 599]"
2011-01-18,"[799, 599]"
2011-01-19,"[799, 599]"
2011-01-20,"[799, 599]"
2011-02-14,"[499, 899, 199]"
2011-02-15,"[499, 899, 199]"
2011-02-16,"[499, 899, 199]"
2011-02-17,"[499, 899, 199]"
2011-02-18,"[499, 899, 199]"
2011-02-19,"[499, 899, 199]"
2011-02-20,"[499, 899, 199]"
2011-02-21,"[499, 899, 199]"
2011-02-22,"[499, 899, 199]"
2011-02-23,"[499, 899, 199]"
2011-02-24,"[499, 899, 199]"
2011-02-25,"[499, 899, 199]"
2011-02-26,"[499, 899, 199]"
2011-02-27,"[499, 899]"
2011-03-06,"[799, 199]"
2011-03-07,"[799, 199]"
2011-03-08,"[799, 199]"
2011-03-09,"[799, 199]"
2011-03-10,"[799, 199]"
2011-03-11,"[799, 199]"
2011-03-12,"[799, 599, 199]"
2011-03-13,"[599, 199]"
2011-03-14,"[599, 199]"
2011-03-15,"[599, 199]"
2011-03-16,"[599, 199]"
2011-03-17,"[599, 199]"
2011-03-18,"[599, 199]"
2011-03-19,"[599, 199]"
2011-03-20,"[599, 199]"
2011-03-21,"[599, 199]"
2011-03-22,"[299, 899]"
2011-03-23,"[299, 899]"
2011-03-24,"[299, 899]"
2011-03-25,"[299, 899]"
2011-03-26,"[299, 899]"
2011-03-27,"[299, 899]"
2011-03-28,"[299, 899]"
2011-03-29,"[299, 899]"
2011-03-30,"[299, 899]"
2011-03-31,"[299, 899]"
2011-04-01,"[499, 799]"
2011-04-02,"[499, 799]"
2011-04-03,"[499, 799]"
2011-04-04,"[499, 799]"
2011-04-05,"[499, 799]"
2011-04-06,"[499, 799]"
2011-04-07,"[499, 799]"
2011-04-08,"[499, 799, 599, 199]"
2011-04-09,"[499, 799, 599, 199]"
2011-04-10,"[499, 799, 599, 199]"
2011-04-11,"[499, 799, 599, 199]"
2011-04-12,"[599, 199]"
2011-04-13,"[599, 199]"
2011-04-14,"[499, 599, 199]"
2011-04-15,"[499, 599, 199]"
2011-04-16,"[499, 599, 199]"
2011-04-17,"[499, 599, 199]"
2011-04-18,"[499, 199]"
2011-04-19,"[499, 199]"
2011-04-20,"[199, 299, 499, 599, 799]"
2011-04-21,"[199, 299, 499, 599, 799]"
2011-04-22,"[199, 299, 499, 599, 799]"
2011-04-23,"[199, 299, 499, 599, 799]"
2011-04-24,"[199, 299, 499, 599, 799]"
2011-04-25,"[199, 299, 499, 599, 799]"
2011-04-26,"[199, 299, 499, 599, 799]"
2011-04-27,"[199, 299, 499, 599, 799]"
2011-04-28,"[299, 499, 599, 199]"
2011-04-29,"[299, 499, 599, 199]"
2011-04-30,"[299, 499, 599, 199]"
2011-05-01,"[299, 499, 599, 199]"
2011-05-02,"[299, 499, 599, 199]"
2011-05-03,"[299, 499, 599, 199]"
2011-05-04,"[299, 499, 599, 199]"
2011-05-05,"[299, 499, 599, 199]"
2011-05-06,"[299, 499, 599, 199]"
2011-05-07,"[299, 499, 599, 199]"
2011-05-08,"[299, 499, 599, 199]"
2011-05-09,"[299, 499, 599, 199]"
2011-05-10,"[299, 499, 599, 199]"
2011-05-11,"[299, 499, 599, 199]"
2011-05-12,"[299, 499, 599, 199]"
2011-05-13,"[299, 499, 599, 199]"
2011-05-14,"[299, 499, 599, 199]"
2011-05-15,"[299, 499, 599, 199]"
2011-05-16,"[299, 499, 599, 199]"
2011-05-17,"[299, 499, 199]"
2011-05-18,"[299, 499, 199]"
2011-05-19,"[299, 499, 199]"
2011-05-20,"[299, 499, 199]"
2011-05-21,"[299, 499, 199]"
2011-05-22,"[299, 499, 199]"
2011-05-23,"[299, 499, 199]"
2011-05-24,"[299, 499, 199]"
2011-05-25,"[299, 499, 199]"
2011-05-26,"[299, 499, 199]"
2011-05-27,"[299, 499, 199]"
2011-05-28,"[299, 499, 199]"
2011-05-29,"[299, 499, 199]"
2011-05-30,"[299, 499, 199]"
2011-05-31,"[299, 499]"
2011-06-01,"[299, 499]"
2011-06-02,"[299, 499]"
2011-06-03,"[299, 499]"
2011-08-17,"[299, 199]"
2011-08-18,"[299, 199]"
2011-09-25,"[299, 699]"
2011-09-26,"[299, 699]"
2011-09-27,"[299, 699]"
2011-09-28,"[299, 699]"
2011-09-29,"[299, 699]"
2011-09-30,"[299, 699]"
2011-10-01,"[299, 699]"
2011-10-02,"[299, 699]"
2011-10-03,"[299, 699, 199]"
2011-10-04,"[299, 699, 199]"
2011-10-05,"[299, 699, 199]"
2011-10-06,"[699, 199]"
2011-10-07,"[699, 199]"
2011-10-08,"[699, 199]"
2011-10-09,"[699, 199]"
2011-10-10,"[299, 699, 199]"
2011-10-11,"[299, 699, 199]"
2011-10-12,"[299, 199]"
2011-10-13,"[299, 199]"
2011-10-14,"[299, 199]"
2011-10-15,"[299, 199]"
2011-10-16,"[299, 199]"
2011-10-17,"[299, 199]"
2011-10-18,"[299, 199]"
2011-10-19,"[299, 199]"
2011-10-20,"[299, 199]"
2011-10-21,"[299, 199]"
2011-10-22,"[299, 199]"
2011-10-23,"[299, 199]"
2011-10-24,"[299, 199]"
2011-10-25,"[299, 199]"
2011-10-26,"[299, 199]"
2011-10-27,"[299, 199]"
2011-10-28,"[299, 199]"
2011-10-29,"[299, 199]"
2011-10-30,"[299, 199]"
2011-10-31,"[299, 199]"
2011-11-01,"[299, 199]"
2011-11-02,"[299, 199]"
2011-11-03,"[299, 199]"
2011-11-04,"[299, 199]"
2011-11-05,"[299, 199]"
2011-11-06,"[299, 199]"
2011-11-07,"[299, 199]"
2011-11-08,"[299, 199]"
2011-11-09,"[299, 199]"
2011-11-10,"[299, 199]"
2011-11-11,"[299, 199]"
2011-11-12,"[299, 199]"
2011-11-13,"[299, 199]"
2011-11-14,"[299, 199]"
2011-11-15,"[299, 199]"
2011-11-16,"[299, 199]"
2011-11-17,"[299, 199]"
2011-11-18,"[299, 199]"
2011-11-19,"[299, 199]"
2011-11-20,"[299, 199]"
2011-11-21,"[299, 199]"
2011-11-22,"[299, 199]"
2012-01-08,"[299, 899]"
2012-01-09,"[299, 899]"
2012-01-10,"[299, 899]"
2012-01-11,"[299, 899]"
2012-01-12,"[299, 899]"
2012-01-13,"[299, 899]"
2012-01-14,"[299, 899]"
2012-01-15,"[299, 899]"
2012-01-16,"[299, 899]"
2012-01-17,"[299, 899]"
2012-02-08,"[299, 799]"
2012-02-09,"[299, 799]"
2012-02-10,"[299, 799]"
2012-02-11,"[299, 899, 799, 199]"
2012-02-12,"[299, 899, 799, 199]"
2012-02-13,"[299, 899, 799, 199]"
2012-02-14,"[299, 899, 799, 199]"
2012-02-15,"[299, 899, 799, 199]"
2012-02-16,"[899, 199]"
2012-02-17,"[899, 199]"
2012-03-03,"[799, 199]"
2012-03-04,"[799, 199]"
2012-03-05,"[799, 199]"
2012-03-06,"[799, 199]"
2012-03-07,"[799, 199]"
2012-03-08,"[799, 199]"
2012-03-09,"[299, 799, 599, 199]"
2012-03-10,"[299, 799, 599, 199]"
2012-03-11,"[299, 799, 599, 199]"
2012-03-12,"[299, 799, 599, 199]"
2012-03-13,"[299, 799, 599, 199]"
2012-03-14,"[299, 799, 599, 199]"
2012-03-15,"[299, 799, 599, 199]"
2012-03-16,"[299, 799, 599, 199]"
2012-03-17,"[299, 799, 599, 199]"
2012-03-18,"[299, 799, 599, 199]"
2012-03-19,"[299, 799, 599, 199]"
2012-03-20,"[299, 799, 599, 199]"
2012-03-21,"[799, 199]"
2012-04-16,"[799, 199]"
2012-04-17,"[799, 199]"
2012-04-18,"[799, 199]"
2012-04-19,"[799, 199]"
2012-04-20,"[799, 199]"
2012-04-21,"[799, 199]"
2012-04-22,"[799, 199]"
2012-04-23,"[799, 199]"
2012-04-24,"[799, 199]"
2012-04-25,"[799, 199]"
2012-04-26,"[799, 199]"
2012-05-19,"[599, 199]"
2012-05-20,"[599, 199]"
2012-05-21,"[599, 199]"
2012-05-22,"[599, 199]"
2012-05-23,"[599, 199]"
2012-05-24,"[599, 199]"
2012-05-31,"[299, 199]"
2012-06-01,"[299, 199]"
2012-06-02,"[299, 199]"
2012-06-03,"[299, 199]"
2012-06-26,"[299, 599]"
2012-06-27,"[299, 599]"
2012-06-28,"[299, 599]"
2012-06-29,"[299, 599]"
2012-06-30,"[299, 599]"
2012-07-01,"[299, 599]"
2012-07-02,"[299, 599]"
2012-07-03,"[299, 599]"
2012-07-04,"[299, 599]"
2012-07-05,"[299, 599]"
2012-07-06,"[299, 599]"
2012-07-07,"[299, 599]"
2012-07-08,"[299, 599]"
2012-07-09,"[299, 599]"
2012-07-10,"[299, 599]"
2012-07-11,"[299, 599]"
2012-08-07,"[499, 699]"
2012-08-08,"[499, 699]"
2012-08-09,"[499, 699]"
2012-08-10,"[499, 699]"
2012-08-11,"[499, 699]"
2012-08-12,"[499, 699]"
2012-08-13,"[499, 699]"
2012-08-14,"[499, 699]"
2012-08-15,"[499, 699]"
2012-08-16,"[499, 699]"
2012-08-17,"[499, 699]"
2012-08-18,"[499, 699]"
2012-08-19,"[499, 699]"
2012-08-20,"[499, 699]"
2012-08-21,"[499, 699]"
2012-08-22,"[499, 699]"
2012-08-23,"[499, 699]"
2012-08-24,"[499, 699]"
2012-08-25,"[499, 699]"
2012-08-26,"[499, 699]"
2012-08-27,"[499, 699]"
2012-10-02,"[699, 199]"
2012-10-03,"[699, 199]"
2012-10-04,"[699, 199]"
2012-10-05,"[699, 199]"
2012-10-06,"[699, 199]"
2012-10-07,"[699, 199]"
2012-10-08,"[699, 199]"
2012-10-09,"[699, 199]"
2012-11-22,"[299, 699]"
2012-11-23,"[299, 699]"
2012-11-24,"[299, 699]"
2012-11-25,"[299, 699]"
2012-11-26,"[299, 699]"
2012-11-27,"[299, 699]"
2012-11-28,"[299, 699]"
2012-11-29,"[299, 699]"
2012-11-30,"[299, 699]"
2012-12-01,"[299, 699]"
2013-01-28,"[499, 899]"
2013-01-29,"[499, 899]"
2013-01-30,"[499, 899]"
2013-01-31,"[499, 899]"
2013-02-01,"[499, 899]"
2013-02-02,"[499, 899, 199]"
2013-02-03,"[499, 899, 199]"
2013-02-04,"[499, 899, 199]"
2013-02-05,"[499, 899, 199]"
2013-02-06,"[499, 899, 199]"
2013-02-07,"[499, 899, 199]"
2013-02-08,"[499, 899, 199]"
2013-02-09,"[499, 899, 199]"
2013-02-10,"[499, 899, 199]"
2013-02-11,"[499, 899, 199]"
2013-02-12,"[499, 199]"
2013-02-13,"[499, 199]"
2013-02-14,"[499, 199]"
2013-02-15,"[499, 199]"
2013-02-16,"[499, 199]"
2013-02-17,"[499, 199]"
2013-02-18,"[499, 199]"
2013-02-19,"[499, 199]"
2013-02-20,"[499, 199]"
2013-02-21,"[499, 199]"
2013-02-22,"[499, 199]"
2013-02-23,"[499, 199]"
2013-02-24,"[299, 499, 899, 199]"
2013-02-25,"[299, 499, 899, 199]"
2013-02-26,"[299, 499, 899, 199]"
2013-02-27,"[299, 499, 899, 199]"
2013-02-28,"[299, 499, 899, 199]"
2013-03-01,"[299, 899]"
2013-03-02,"[299, 899]"
2013-03-03,"[299, 899]"
2013-03-04,"[299, 899]"
2013-03-06,"[299, 199]"
2013-03-07,"[299, 199]"
2013-03-08,"[299, 199]"
2013-03-10,"[899, 199]"
2013-03-11,"[899, 199]"
2013-03-12,"[899, 199]"
2013-03-13,"[899, 199]"
2013-03-14,"[899, 199]"
2013-03-15,"[899, 499, 799, 199]"
2013-03-16,"[899, 499, 799, 199]"
2013-03-17,"[899, 499, 799, 199]"
2013-03-18,"[899, 499, 799, 199]"
2013-03-19,"[899, 499, 799, 199]"
2013-03-20,"[899, 499, 799, 199]"
2013-03-21,"[899, 499, 799, 199]"
2013-03-22,"[899, 499, 799, 199]"
2013-03-23,"[899, 499, 799, 199]"
2013-03-24,"[899, 199, 299, 499, 799]"
2013-03-25,"[899, 199, 299, 499, 799]"
2013-03-26,"[899, 199, 299, 499, 799]"
2013-03-27,"[899, 199, 299, 499, 799]"
2013-03-28,"[299, 799, 499]"
2013-03-29,"[299, 799, 499]"
2013-03-30,"[299, 799, 499]"
2013-03-31,"[299, 799, 499]"
2013-04-01,"[299, 799, 499]"
2013-04-02,"[299, 799, 499]"
2013-04-03,"[299, 499]"
2013-04-04,"[299, 499]"
2013-04-05,"[299, 499]"
2013-04-06,"[299, 499]"
2013-04-07,"[299, 499]"
2013-04-08,"[299, 499]"
2013-04-09,"[299, 499]"
2013-04-10,"[299, 499]"
2013-04-11,"[299, 499]"
2013-04-12,"[299, 499]"
2013-04-13,"[299, 499]"
2013-04-14,"[299, 499]"
2013-04-15,"[299, 499]"
2013-04-16,"[299, 799, 499, 199]"
2013-04-17,"[299, 799, 499, 199]"
2013-04-18,"[299, 799, 499, 199]"
2013-04-19,"[299, 799, 499, 199]"
2013-04-20,"[799, 199]"
2013-04-21,"[799, 199]"
2013-04-22,"[799, 199]"
2013-04-23,"[799, 199]"
2013-05-03,"[499, 199]"
2013-05-04,"[499, 199]"
2013-05-05,"[499, 199]"
2013-05-06,"[499, 199]"
2013-05-07,"[499, 199]"
2013-05-08,"[499, 199]"
2013-05-09,"[499, 199]"
2013-05-10,"[499, 199]"
2013-05-11,"[499, 199]"
2013-05-12,"[499, 199]"
2013-05-17,"[299, 199]"
2013-05-18,"[299, 199]"
2013-05-19,"[299, 199]"
2013-05-20,"[299, 199]"
2013-05-21,"[299, 199]"
2013-05-22,"[299, 199]"
2013-05-23,"[299, 199]"
2013-05-24,"[299, 599, 199]"
2013-05-25,"[299, 599, 199]"
2013-05-26,"[299, 599, 199]"
2013-05-27,"[299, 599, 199]"
2013-05-28,"[299, 599, 199]"
2013-05-29,"[299, 599, 199]"
2013-05-30,"[299, 599, 199]"
2013-05-31,"[299, 599, 199]"
2013-06-01,"[299, 599, 199]"
2013-06-02,"[299, 599, 199]"
2013-06-03,"[299, 199]"
2013-06-04,"[299, 199]"
2013-06-05,"[299, 199]"
2013-06-06,"[299, 199]"
2013-06-07,"[299, 199]"
2013-06-08,"[299, 199]"
2013-06-09,"[299, 199]"
2013-06-10,"[299, 199]"
2013-06-11,"[299, 199]"
2013-06-12,"[299, 199]"
2013-06-13,"[299, 199]"
2013-06-14,"[299, 199]"
2013-06-15,"[299, 199]"
2013-06-16,"[299, 199]"
2013-06-17,"[299, 199]"
2013-06-18,"[299, 199]"
2013-06-19,"[299, 199]"
2013-06-20,"[299, 199]"
2013-06-21,"[299, 199]"
2013-06-22,"[299, 199]"
2013-06-23,"[299, 199]"
2013-06-24,"[299, 199]"
2013-06-25,"[299, 199]"
2013-07-11,"[499, 599]"
2013-07-12,"[499, 599]"
2013-07-13,"[499, 599]"
2013-07-14,"[499, 599]"
2013-07-15,"[499, 599]"
2013-07-16,"[499, 599]"
2013-07-17,"[499, 599]"
2013-07-18,"[499, 599]"
2013-07-19,"[499, 599]"
2013-07-20,"[499, 599]"
2013-07-21,"[499, 599]"
2013-07-22,"[499, 599]"
2013-07-23,"[499, 599]"
2013-07-24,"[499, 599]"
2013-07-25,"[499, 599]"
2013-07-26,"[499, 599]"
2013-07-27,"[499, 599]"
2013-07-28,"[499, 599]"
2013-07-29,"[499, 599]"
2013-07-30,"[499, 599]"
2013-07-31,"[499, 599]"
2013-08-01,"[499, 599]"
2013-09-14,"[299, 699]"
2013-09-15,"[299, 699]"
2013-09-16,"[299, 699]"
2013-09-17,"[299, 699]"
2013-09-18,"[299, 699]"
2013-09-19,"[299, 699]"
2013-09-20,"[299, 699]"
2013-09-21,"[299, 699]"
2013-09-22,"[299, 699]"
2013-09-23,"[299, 699]"
2013-10-05,"[699, 199]"
2013-10-06,"[699, 199]"
2013-10-07,"[699, 199]"
2013-10-08,"[699, 199]"
2013-10-09,"[699, 199]"
2013-10-27,"[699, 199]"
2013-10-28,"[699, 199]"
2013-10-29,"[699, 199]"
2013-10-30,"[699, 199]"
2013-10-31,"[699, 199]"
2013-11-01,"[699, 199]"
2013-11-21,"[699, 199]"
2013-11-22,"[699, 199]"
2013-11-23,"[699, 199]"
2013-11-24,"[699, 199]"
2013-11-25,"[699, 199]"
2013-11-26,"[699, 199]"
2013-11-27,"[699, 199]"
2013-11-28,"[699, 199]"
2013-11-29,"[699, 199]"
2013-11-30,"[699, 199]"
2014-01-30,"[899, 199]"
2014-01-31,"[899, 199]"
2014-02-01,"[899, 199]"
2014-02-02,"[899, 199]"
2014-02-03,"[899, 199]"
2014-02-04,"[899, 199]"
2014-02-05,"[899, 199]"
2014-02-06,"[899, 199]"
2014-02-07,"[899, 199]"
2014-02-08,"[899, 199]"
2014-02-09,"[899, 199]"
2014-02-10,"[899, 199]"
2014-02-11,"[899, 199]"
2014-02-12,"[899, 199]"
2014-03-18,"[899, 199]"
2014-03-19,"[899, 199]"
2014-03-20,"[899, 199]"
2014-03-21,"[899, 199]"
2014-03-22,"[899, 199]"
2014-03-23,"[899, 199]"
2014-03-24,"[899, 199]"
2014-03-25,"[899, 199]"
2014-03-26,"[899, 199]"
2014-04-07,"[299, 899]"
2014-04-08,"[299, 899]"
2014-04-09,"[299, 899]"
2014-04-10,"[299, 899]"
2014-04-11,"[299, 799, 899, 199]"
2014-04-12,"[299, 799, 899, 199]"
2014-04-13,"[299, 799, 899, 199]"
2014-04-14,"[299, 799, 899, 199]"
2014-04-15,"[299, 799, 899, 199]"
2014-04-16,"[299, 799, 899, 199]"
2014-04-17,"[299, 799, 899, 199]"
2014-05-10,"[299, 799]"
2014-05-11,"[299, 799]"
2014-05-12,"[299, 799]"
2014-05-13,"[299, 799]"
2014-05-14,"[299, 799]"
2014-05-15,"[299, 799]"
2014-05-16,"[299, 799]"
2014-05-17,"[299, 799]"
2014-05-18,"[299, 799]"
2014-05-19,"[299, 799]"
2014-05-20,"[299, 799]"
2014-07-31,"[599, 199]"
2014-08-01,"[599, 199]"
2014-08-02,"[599, 199]"
2014-08-03,"[599, 199]"
2014-08-04,"[599, 199]"
2014-08-05,"[599, 199]"
2014-08-13,"[299, 599]"
2014-08-14,"[299, 599]"
2014-08-15,"[299, 599]"
2014-08-16,"[299, 599]"
2014-08-17,"[299, 599]"
2014-08-18,"[299, 499, 699, 599]"
2014-08-19,"[299, 499, 699, 599]"
2014-08-20,"[299, 499, 699, 599]"
2014-08-21,"[299, 499, 699, 599]"
2014-08-22,"[299, 499, 699, 599]"
2014-08-23,"[299, 499, 699, 599]"
2014-08-24,"[499, 699]"
2014-08-25,"[499, 699]"
2014-08-26,"[499, 699]"
2014-08-27,"[499, 699]"
2014-08-28,"[499, 699]"
2014-08-29,"[499, 699]"
2014-08-30,"[499, 699]"
2014-08-31,"[499, 699]"
2014-09-01,"[499, 699]"
2014-09-02,"[499, 699]"
2014-09-03,"[499, 699]"
2014-09-04,"[499, 699]"
2014-09-05,"[499, 699]"
2014-10-15,"[299, 199]"
2014-10-16,"[299, 199]"
2014-10-17,"[299, 199]"
2014-10-18,"[299, 199]"
2014-10-19,"[299, 199]"
2014-11-08,"[299, 699]"
2014-11-09,"[299, 699]"
2014-11-10,"[299, 699]"
2014-11-11,"[299, 699]"
2014-11-12,"[299, 699]"
2014-11-13,"[299, 699]"
2014-11-14,"[299, 699]"
2014-11-15,"[299, 699]"
2014-11-16,"[299, 699]"
2014-11-17,"[299, 699]"
2014-11-22,"[699, 199]"
2014-11-23,"[699, 199]"
2014-11-24,"[699, 199]"
2014-11-25,"[699, 199]"
2014-11-26,"[699, 199]"
2014-11-27,"[699, 199]"
2014-11-28,"[699, 199]"
2014-11-29,"[699, 199]"
2014-12-23,"[299, 199]"
2014-12-24,"[299, 199]"
2014-12-25,"[299, 199]"
2014-12-26,"[299, 199]"
2014-12-27,"[299, 199]"
2014-12-28,"[299, 199]"
2014-12-29,"[299, 199]"
2014-12-30,"[299, 199]"
2014-12-31,"[299, 199]"
